,z,t0,x0,x1,c,MWebv,MWr_v,t0_err,x0_err,x1_err,c_err,ra,dec
ZTF18acsyzca,0.014102810022991906,2458469.4085186217,0.012833989731316968,-1.7323804733200028,0.08613410254254299,0.038082821543018,3.1,0.2554281000047922,0.0007062108887077379,0.1419154673069475,0.04526431261670742,51.5089228,-17.5629234
ZTF18aaripcr,0.03414708,2458263.101806034,0.0047883222167934775,1.0022164939173213,-0.08697211593858678,0.03551441787513521,3.1,0.10275881155394018,0.00015358532966795908,0.09222755646882705,0.028805034116263777,222.4095477,25.3701408
ZTF18abdfaqi,0.04827984,2458310.414102284,0.0021130505846381448,0.3925878693491796,-0.05463219303191967,0.03612281946704936,3.1,0.1047579834703356,6.630623855014459e-05,0.1129056435916998,0.02984645177431656,223.4930254,26.0019701
ZTF18aahptcq,0.06349391,2458221.2701938986,0.0007407336946236431,0.7371665624717263,0.21248488262816553,0.03702043264368924,3.1,0.2738750565331429,4.97163400299664e-05,0.20873603186856104,0.053431442977405985,162.3180861,26.3730939
ZTF18aahsmrw,0.07839277,2458234.3530231747,0.0003926528163525725,-0.9016726741773271,0.19639261579936307,0.02694508165404544,3.1,0.30966057581827044,1.5274576894282995e-05,0.19325898396552493,0.04053077515876858,181.9523387,22.5972101
ZTF18aavnxar,0.08503866,2458268.793763451,0.00046879396958868913,0.2634234082875888,0.012152583248156957,0.007375585304400955,3.1,0.16608961718156934,1.379899390478516e-05,0.15668258654411524,0.030645669900579264,194.3442515,26.8148766
ZTF18aczesom,0.067313,2458458.703143827,0.0008768775113122446,-1.0227732592235015,-0.11503943952615503,0.02664289495875154,3.1,0.8280135029926896,7.43250306009587e-05,0.3082254809387409,0.049479589428722964,172.6794186,-6.1270698
ZTF18aaiwkwk,0.08583829,2458234.6155919144,0.0007170917205540502,0.5645102641720826,0.0006843637761014094,0.024736869187646254,3.1,0.05579712218604982,2.0751650759306002e-05,0.053979832349827776,0.028369010369088964,239.1929009,35.0246468
ZTF18acusueb,0.02242037,2458457.935765485,0.004176040029259073,-1.5819957594614826,0.28574747315445775,0.03181485566307912,3.1,0.41029528179205954,0.00048659189194951146,0.2734011149391481,0.08862473844922178,230.3702403,15.1390527
ZTF18acwyowc,0.07461534,2458482.4706651256,0.0010455907330948874,-0.3347134667870731,-0.16856076203072662,0.011437400474837454,3.1,0.15589480544440448,3.839247834579393e-05,0.18511434848469574,0.03485117421809144,206.9527677,35.0587873
ZTF18abmwzpt,0.1225675,2458353.6006279085,0.00018559155407392734,0.19324562628020542,0.10858523293366855,0.02282036949858942,3.1,0.32826721807941794,8.78622646926155e-06,0.4124383755592738,0.04320388009015518,253.8242093,32.8655327
ZTF18aagtcxj,0.03235259,2458214.1577599323,0.0008644726629241183,-2.12420770776512,0.5691378593807792,0.01026292409753719,3.1,0.0580210080370307,3.09768290420148e-05,0.053811720323480416,0.03195615117911965,248.0481592,42.713424
ZTF18abauprj,0.024167,2458302.4920057086,0.010708501106543148,1.2849188948553147,-0.027655644611861926,0.023157497616233036,3.1,0.03627244685776532,0.00031081293456593163,0.03721103036568066,0.026747026272041063,254.7711161,47.2364229
ZTF18abomklq,0.03762900750116243,2458357.623824101,0.0015156679380145404,0.3524831931164009,0.337748582093322,0.11489297638354481,3.1,0.04982007993385196,5.034151447681283e-05,0.07639700117272925,0.029292847817246833,356.1143058,5.6637039
ZTF18acdzzyf,0.04049838,2458443.5318277725,0.0006245046317518882,1.015996545609084,0.4836141001338929,0.0185862006181766,3.1,0.2462740121409297,5.361076429719534e-05,0.3219820630922632,0.0658777468477956,31.7952798,-9.0246254
ZTF18abmjvpb,0.06599487,2458357.312175815,0.0008404584461733274,0.07189978220406079,0.016354850012608547,0.03426503191493426,3.1,0.3611969347111881,5.832878161934971e-05,0.4382755575344273,0.059360389574427165,239.5486778,19.7652094
ZTF18accngee,0.0832324,2458429.4173450205,0.0005411774382724287,1.2747803707399263,0.06892391929751374,0.039061943158634656,3.1,1.047383238794282,2.3174569996738552e-05,0.722132593947329,0.04204888758027203,140.6421774,9.5559497
ZTF18accwjiu,0.03281885,2458441.5136670326,0.003048531545949017,-1.437573473481334,-0.0160923191871261,0.03700108961928474,3.1,0.09188577951863408,9.56727135589373e-05,0.0842158539267382,0.029539297170509266,156.6289441,15.3408551
ZTF18aaxvpsw,0.09156192,2458287.7018231507,0.0005475187157217022,0.05034697023425468,-0.023178477177825924,0.010517329980379606,3.1,0.07556532858870924,1.605496078112425e-05,0.09171925494501737,0.028648354293739613,224.9766429,39.078829
ZTF18aabstmw,0.02308648,2458192.5972144175,0.0009889153461344574,-1.3020170924847738,0.43307076842542513,0.011196442541351711,3.1,0.09665200533345342,6.031794251901564e-05,0.14817906431925756,0.04851954408620067,153.4511418,38.7630928
ZTF18acrcetn,0.03873566334464964,2458454.7684156573,0.00040281618016400694,-1.172036197727471,0.6972669923700197,0.030538108478174314,3.1,0.6003050880972296,7.333239033227522e-05,0.2561160033366287,0.13403944126781622,15.9512621,10.5923058
ZTF18accnnyu,0.02890779,2458420.885479003,0.0031037812997012776,0.9471003329056422,0.03725819072399762,0.026894264308230387,3.1,0.6132251620292664,0.00016935236963174893,0.19908261040626368,0.03809825073899374,142.6242508,16.3436481
ZTF18acceprh,0.03890290989217488,2458404.335630944,0.0011255351881230215,-1.7303943199662255,0.2625170334188288,0.042034039085654895,3.1,2.8402952949982136,0.00036133179786849117,1.9119066481334903,0.27230987436749404,310.496269,-19.1433023
ZTF18aaqkqxi,0.07609885,2458249.603403382,0.000847412710947464,0.09142579648393379,0.05208230558321992,0.018990338626073754,3.1,0.1488395945634693,2.6768971714302486e-05,0.12938242725411064,0.029905502798530832,167.9690562,39.6050302
ZTF18abupgps,0.099345,2458445.008493197,0.0005033956344420681,1.5986868325348855,-0.02553897816285952,0.01666856920433843,3.1,0.7062037526629865,8.987321910999978e-05,0.997755384494179,0.13989263712429856,16.9656358,-15.6805759
ZTF18abmjyvo,0.05584438,2458353.545082014,0.0002872105683589334,-0.9958350012087238,0.3749514433676458,0.022843211774174015,3.1,0.1898917790967971,1.2469336735050314e-05,0.2163789080427318,0.036654775705827175,244.9342933,50.5518666
ZTF18acwwonp,0.03127776,2458484.9947241,0.002395676089353455,-0.5690029706683016,0.2055513442897351,0.010356513281217731,3.1,0.11443881690502167,8.715296934546556e-05,0.1296285387404203,0.03275258172593417,202.380167,61.4366303
ZTF18adbhrjs,0.079398,2458490.795235624,0.0006384874073899662,-0.10493438713082177,-0.028851948000883476,0.04400854278409085,3.1,0.319665455725044,2.9910961766907847e-05,0.5212296191982605,0.04255724124978384,166.4467904,2.4321019
ZTF18aaykuzt,0.100831,2458285.582299036,8.195123087687995e-05,2.4484799443737573,0.5436781161780206,0.009700744312619965,3.1,0.60189218679443,3.880858560854176e-06,0.6729462114542882,0.043388038859412656,222.7470523,55.194193
ZTF18abuxjrd,0.07132095,2458385.3433014513,0.0004811339548810887,-0.2644637524678064,0.26263339159920895,0.04148307896582952,3.1,0.22346336487680674,1.668105654634452e-05,0.24675779386982302,0.03279672963534095,25.0180333,15.070975
ZTF18aceynvm,0.05396527,2458445.760421995,0.00106255642982982,-0.1457103294180349,0.043270298985317826,0.012266573983610148,3.1,0.12143576238304377,3.773217438488091e-05,0.14065281172272318,0.031428588375514335,153.8756623,37.9833525
ZTF18aaqpjja,0.06235965,2458254.236054622,0.0012908912915602032,0.9577422064684585,-0.016530633899331626,0.041186038486072246,3.1,0.4261852197814733,7.647421450051315e-05,0.7308395769971008,0.04339407206101841,122.4734874,35.0773857
ZTF18adalarn,0.02744571,2458489.780148109,0.0016828605661801048,-0.7853908231368918,0.21077054590603786,0.0206774741291333,3.1,0.1481461776420474,5.825785383631703e-05,0.1863195456833518,0.03188268223507963,164.9676076,19.794928
ZTF18abhpzig,0.012997859603083656,2458330.2616749913,0.013988281611381147,-0.6227586758805199,0.1651908186495459,0.3807280607842315,3.1,0.08442733017727733,0.0005037962987296342,0.07943724733950049,0.03193141866607061,307.1481993,25.7356554
ZTF18aazhwnh,0.09071805,2458287.2618081644,0.00044156497703722367,-2.131363075304176,-0.06552972501926312,0.0434817411120668,3.1,0.1813430991023779,1.4896812447033822e-05,0.22263762471021023,0.03624171867642992,233.0148298,23.5170358
ZTF18accpjkb,0.045048641906733244,2458436.771541574,0.001844121482835331,-0.2857065623695879,-0.039924421733723486,0.10435983213733306,3.1,0.41194058675318956,8.354383971637338e-05,0.37461710781974406,0.04051596291572877,318.5836225,21.5436199
ZTF18aaqpkvx,0.08422649,2458249.4545785063,0.0004149468315502891,4.548507701907465,0.23910711796253176,0.028667643085296048,3.1,1.3565067627932876,2.860562644033479e-05,2.458225332116514,0.09100604254004394,118.7632154,14.3575662
ZTF18acpfwmm,0.04959768721231197,2458452.37125232,0.0017084165307303199,-1.3427938168871552,-0.040582133492040345,0.04696330692594895,3.1,0.13871296332217753,6.718057605682589e-05,0.15736353682086301,0.03383300865739246,112.8023448,53.698233
ZTF18acrxppd,0.03678637,2458465.4029343952,0.0030793528657178893,0.3329136605044978,-0.055883048464541854,0.00983723693181272,3.1,0.160539370495826,9.362833710673586e-05,0.20439574938841923,0.03163777869744111,156.514174,64.8366696
ZTF18aasesgl,0.08578687,2458258.7758948505,0.0003014728702653551,-0.29835944055767244,0.20174039043522557,0.01147738740355287,3.1,0.13011824595741928,1.008866657114778e-05,0.13515792529381498,0.03172696333365064,208.6126922,39.7226348
ZTF18aaqcozd,0.07321198,2458253.745033057,0.0007186985069815156,-1.1642324184543758,-0.06083157765508637,0.020041835814837095,3.1,0.09452649741433561,2.131974735373308e-05,0.12436733725440828,0.028374438974588388,190.5631215,42.2716841
ZTF18aazgfkq,0.026813928733338762,2458289.760907011,0.005550801819281283,-1.5477188230595977,-0.058425730612333256,0.023724287873940826,3.1,0.2597153934184462,0.00018786397428929348,0.36444044556246474,0.03467509115338304,174.6234967,20.5286918
ZTF18aczenvx,0.1181049,2458485.0504782167,0.0004418779438283287,-0.27709197333603475,-0.10900742926376646,0.01649236188823129,3.1,0.257284514605999,1.8192649069652935e-05,0.30912261274510733,0.04141009436253146,163.7305353,27.8024338
ZTF18acbzvqj,0.03830707,2458404.832733848,0.0006524174625654346,1.5511149194789386,0.2726674388129368,0.01988479510658444,3.1,0.8739971111062914,6.630600230607634e-05,0.36992455756085185,0.06631648396607398,173.0908187,35.5569063
ZTF18aamsgjq,0.06002244,2458425.319995875,0.0009787372223406888,-1.3065857310654614,-0.09879700195094235,0.013327262094504327,3.1,0.5522787037771195,4.9803019463394815e-05,0.5374690840856701,0.037653338656537715,196.4457774,59.8431347
ZTF18abltaxf,0.061969025673083225,2458347.0101314746,0.000797742259595981,-1.7466853490434093,-0.060259485703967886,0.023547160548424807,3.1,0.12543665105476975,2.4562024511944293e-05,0.14084368602504857,0.030622172448654242,223.6546352,69.648467
ZTF18abdiqdh,0.03834132,2458314.063762909,0.0028840175081275526,-0.7923957440030972,0.017634701627446726,0.010718081296592416,3.1,0.13734548399224877,0.00016048242942805481,0.21437338224538474,0.04498315013897573,184.6835091,44.7819744
ZTF18acnbgrb,0.03353007,2458441.8072083322,0.0012232888607544316,-0.695683990551698,0.31350965990504503,0.015628808077032513,3.1,0.6136557275895029,4.624204369551525e-05,0.28176071507991873,0.03970121437298738,202.9837413,44.1393597
ZTF18abrzbyt,0.02689051,2458339.660318263,0.0026081804828953633,-0.977895530789715,-0.14847495819420076,0.052118650135201436,3.1,4.155002534389496e-05,0.0002651572711746705,0.3358525945032304,0.059729900143730884,117.280574,32.9806174
ZTF18abuykiu,0.04397466091571319,2458361.6423592158,0.0002476424049795975,20.130712598890117,0.7262499523989215,0.030144951546801496,3.1,0.5138478204607964,1.7050071350010062e-05,1.9911972524805874,0.06928306913101791,52.3931133,-19.6946559
ZTF18acsoyiu,0.07814884,2458464.8316933475,0.00044565094682458945,-4.013080975463045,0.2745798321625759,0.014296160770053629,3.1,0.4292932376265526,1.7881128420681794e-05,1.6855560288054297,0.2989806331885838,167.9312015,40.8156067
ZTF18aaxxfah,0.05672902,2458274.6138243894,0.0008176631883086581,-0.1123984958358264,0.12114403103719144,0.032835884988133904,3.1,0.304753978503868,2.8563602244011077e-05,0.2729484223918184,0.03470176226241494,223.7016691,5.5074322
ZTF18aaqehoc,0.062157900000000016,2458251.5650600004,0.0009592454892950029,-0.8795944218125485,0.02597822492082138,0.014565030272203489,3.1,0.05521750799380243,2.849982347045172e-05,0.05904374981416009,0.02767918947158584,228.1856281,40.1099256
ZTF18absnqyo,0.03861,2458374.9277522704,0.001114454498269088,-2.8071492405785805,0.18636243315223874,0.12873028537049352,3.1,0.17893205396831036,4.106134054080094e-05,0.30989712387102314,0.037532725162138764,315.5843046,19.9628486
ZTF18acurfxn,0.10805,2458468.3930208446,0.0004072305451426026,1.3117512608220547,0.04442785610635211,0.016580236393079095,3.1,0.5720906786154956,1.801281405454683e-05,0.42678318178807106,0.04250820600355046,180.3592593,61.1753203
ZTF18aabsyqp,0.07667208,2458183.5000620396,0.00058620908221983,0.5560872020951676,0.19251965638851432,0.022619630215943994,3.1,0.3161216978915036,6.566413445354887e-05,0.22140516387112577,0.09188100673304558,162.8185177,22.4776198
ZTF18acbvgqw,0.008095363169817495,2458470.5214632964,0.005684764450969762,7.8743126782229185,-1.14913261062785,0.031745918708524286,3.1,0.8389465033542365,0.002426146426913712,1.5320605773963272,1.602214363457664,46.5120969,-15.6115806
ZTF18acslhcq,0.048937,2458456.0065012234,0.0026468351766038454,-1.6607678298264348,-0.32564120114350487,0.3380401298586635,3.1,0.48702571843750775,0.0007137754555100546,0.3564797836379714,0.20212443678686162,46.2944153,21.1354373
ZTF18achyqcq,0.051729,2458446.674327216,0.002512580928448964,0.6142850102382382,-0.10957716658993472,0.04364511501877505,3.1,0.05197646631859243,7.343522886197374e-05,0.06308558650516953,0.027600672764488476,126.4404374,-3.048279
ZTF18acsycnc,0.07526628,2458459.3126375135,0.0006424108512953895,-1.742521678646435,-0.0880553301950704,0.024036080058566663,3.1,0.8433788518887013,9.798033682617389e-05,0.8473604987112112,0.1229683163982543,26.7137964,-8.0584475
ZTF18aaemivw,0.06806319,2458412.597114826,0.0006455849652359301,0.6220833644880762,0.21562988120249862,0.011860668288079686,3.1,5.2992720156908035e-05,3.0855927528923345e-05,0.2203052851538211,0.036980954774172646,158.4279138,39.4907902
ZTF18acefhxx,0.07786541,2458434.171269727,0.00036116543320872257,-0.08586995856959717,0.18550214102816576,0.03635114811787435,3.1,0.6157602141611278,2.239998993988921e-05,1.4140393872036834,0.05799271776795574,144.678408,9.0829283
ZTF18aabdgik,0.021604,2458428.9438531655,0.009874566912652072,0.09642777036981759,0.03360256760832536,0.04890240852160667,3.1,0.5997953845653683,0.0004283823077857487,0.2185149882038089,0.03807915011236658,175.5986903,10.2640714
ZTF18acbzojv,0.027668454109056783,2458430.6342506045,0.00021400564395941348,6.033888049584131,0.9005451220893628,0.00813208740889997,3.1,0.658204504288733,9.244101338506385e-06,0.5045119772436986,0.04177244075775975,155.6174923,36.5996197
ZTF18aceyjco,0.083288,2458442.333584157,0.0005717735423998992,0.1654016404607122,-0.004631177119980181,0.019035164799051426,3.1,0.1099108720663935,1.7858106097173247e-05,0.1305740213442317,0.030296931635856877,185.0441844,52.6316765
ZTF18ablqhqx,0.1104296,2458348.8803594713,0.00044722398307229274,-0.12549079145353081,-0.07318503118028627,0.01173442094696157,3.1,78.10161478840746,6.69759068900566e-05,61.749196170431695,2.241201801330851,206.7274822,32.4428611
ZTF18acvjnst,0.036257777224762866,2458479.7820740454,0.0038053222233014497,-0.17918758459034387,-0.0454944896135468,0.03148890974618773,3.1,0.1233753259293735,0.00017623079005551546,0.1790164653087863,0.03775576727254994,231.5761193,8.9525027
ZTF18accdvny,0.014123,2458418.2873887504,0.0065907989758734655,-0.9246868501387827,0.27970217325053587,0.08392638727931104,3.1,1.0872259736061096e-05,0.00030581524256184943,0.12373883162291939,0.03669218328022578,143.9136845,-17.3864181
ZTF18acemhyb,0.05162032,2458436.350263713,0.0010716239949617584,-1.9035274902359847,-0.031880030662481774,0.040758824728588966,3.1,0.12330934777855873,3.436241817755785e-05,0.17981525403001092,0.03099059508598063,119.1422834,30.1766162
ZTF18acbujhw,0.016208022304453607,2458431.77740027,0.0018261823148195955,-0.8780491148693957,0.6554653871520917,0.13432799359023306,3.1,0.08914623479358852,6.378846015726869e-05,0.09879543086085103,0.030714391039835195,39.6160452,29.7590118
ZTF18adbntwo,0.04774244,2458496.4306034683,0.0019824942019280043,-0.43159801606334103,-0.059419725419705076,0.0975224968583374,3.1,0.09086160059086978,6.0605839851035024e-05,0.13732681289365434,0.028693584653573193,53.575532,1.082084
ZTF18aaqcugm,0.06183284,2458255.6676895916,0.0011601142718174913,-0.9809668012365368,-0.08460616340764233,0.008075147499164282,3.1,0.0555825037881732,3.365233678657169e-05,0.06577526875097146,0.027551146174279218,202.0530441,53.9160279
ZTF18acusrws,0.03713685,2458478.0457216874,0.0032544739949532317,0.2472313150516158,-0.05004621040254005,0.02628475285592383,3.1,0.07174242660403252,0.00010792178861558715,0.10343113635607065,0.02961109888195409,182.0139671,39.245092
ZTF18acwyqeg,0.05992416,2458475.8252465343,0.0012343044057531532,1.0303913405840623,-0.0368942534877322,0.019652447068296868,3.1,0.31202455912716687,4.289982530979325e-05,0.29275842092109833,0.034158561293701366,206.5803366,14.1810918
ZTF18abcicrq,0.10558318689152883,2458299.845900768,0.0004692728192305857,0.9030244962194788,-0.12379406402681539,0.012676800595016866,3.1,0.41468303953297436,2.0875977664528923e-05,0.5325822709490774,0.04441223915088833,205.283202,28.8865199
ZTF18ablqkud,0.06808,2458347.874412777,0.00034839680523423563,0.8801243574176489,0.12708197582499936,0.030850849754367558,3.1,0.26354375667870045,1.3965817262579057e-05,0.23000982832332179,0.034897128995182346,249.4165712,25.3209067
ZTF18acynmcp,0.06856417,2458472.702231867,0.0009366442213762627,0.3916613376462722,-0.07827613124078944,0.018877855979103367,3.1,0.5747002072166651,4.001318827615037e-05,0.4355025649416618,0.040573713680394294,7.2884955,-0.1053891
ZTF18acvguyi,0.04836428,2458479.020794013,0.0021285356722491877,0.7947381477768736,-0.025969960562799158,0.022365833727438385,3.1,0.07467517722398043,7.118398349475971e-05,0.11827191687678412,0.02936263605035678,190.2643325,8.072703
ZTF18aaroihe,0.04825287,2458259.6468634196,0.0014230134829442416,-1.9828976228719464,-0.0069985637066219564,0.009359241070062786,3.1,0.08097191643901169,4.541665486743801e-05,0.07298318107135975,0.029228536237229725,173.2605831,62.7439578
ZTF18acbxhua,0.05026099401400801,2458422.53003795,0.0021714813662195246,0.8703992251313183,-0.062192436205123866,0.018607939557084802,3.1,1.9067330523394048,9.820573914115154e-05,1.4437111494880457,0.038045045285726345,351.5529747,-25.7401271
ZTF18abzpbpi,0.08929988,2458392.432414531,0.0006096204206890311,0.7930667866576856,0.00798804475076593,0.03087330494078692,3.1,0.24854960571974516,2.4207241127931353e-05,0.21834550196998367,0.03890491762412407,135.1314649,36.4618727
ZTF18acuscrr,0.07961991,2458473.256250416,0.0006714358603142243,0.7157391260458689,-0.019593729626019688,0.03125475245377079,3.1,0.21991496696136892,2.7403187206286682e-05,0.2570628300332868,0.03854511686952326,123.1301129,38.4167378
ZTF18absstyb,0.0527325,2458376.535611634,0.0014633208658318643,-0.6027098637325979,-0.02666136177754214,0.048048894088587,3.1,0.6513674301095307,6.155603522177374e-05,0.5990598465941829,0.04501869434033802,238.0924776,22.9323371
ZTF18aagrtxs,0.02970885,2458213.7847572747,0.005684529442492678,-0.8808492159224498,-0.14546969369409504,0.00983904150744754,3.1,0.043935278663411736,0.00017242929946181392,0.03367742321477196,0.028078105666731155,198.6060877,50.9776744
ZTF18aauizcr,0.03384244,2458266.9256142657,0.003155068833742961,-1.4879660442571678,-0.03468054414336561,0.01582618541015233,3.1,0.08342262916266918,0.00010815322382555373,0.10813175719761411,0.031294614568736834,173.616128,46.3626252
ZTF18accdxpa,0.02406925957806033,2458422.1323703146,0.006617706634453119,-0.8263403143984529,-0.0032745327705972667,0.020932356471815475,3.1,1.1505519161000848,0.001969358286568515,1.4700629819209725,0.21468617628560324,249.0657698,66.2402431
ZTF18aczemzj,0.04988518,2458482.0888275215,0.0008889004795423661,-1.2543740199011646,0.10914946068976525,0.02294854758170632,3.1,0.2233495288528502,4.350484264132257e-05,0.26879975248101856,0.041452511022341,219.3893715,8.0788761
ZTF18acqqyah,0.01706143,2458459.413857948,0.013291450108481534,-0.47459215138543204,-0.051967577387916936,0.014245285657914185,3.1,0.07323278556577861,0.0004527268148320888,0.09110388001502583,0.030514875251869585,171.8384011,59.6300726
ZTF18aasrssa,0.03011233,2458257.2833475964,0.00030302538232128624,-0.9473374349857312,0.5164530862212661,0.026695085097713903,3.1,0.3481181263923645,2.1382832032049398e-05,0.6497523743928969,0.058973665258711054,163.1663412,19.9457941
ZTF18aayivxm,0.08753328,2458293.8167335396,0.0005370945304532467,2.0174906901686342,0.014422383356745004,0.01556699028965398,3.1,0.30468552303500473,2.1757463680998245e-05,0.4114553248238977,0.03752305543625107,183.4496321,40.7156531
ZTF18aavrwhu,0.06201363,2458276.2773726573,0.0011948987496364987,0.7436933050620407,-0.02536450736875479,0.010934928454660795,3.1,0.08421111851930618,3.4567649749591725e-05,0.09778827136676752,0.02736046528593453,206.7351993,43.1372811
ZTF18acqxsyi,0.0635812,2458453.2238120628,0.0008449677601711338,-1.5055731137720008,-0.04547822721014012,0.017086731093918776,3.1,0.2254472493659705,6.263091420032779e-05,0.24274930305948084,0.05853028068350174,144.8692259,26.9324305
ZTF18acutfne,0.03688486307928798,2458470.595181067,0.0009231817574713377,0.18849248718428252,0.4642938523852795,0.025341142652301092,3.1,2.2614754193928093,5.044995598019601e-05,1.004862789342591,0.06412526101577767,207.4073,-6.1061944
ZTF18aazblzy,0.065039,2458291.946810005,0.0008147398799914059,-2.4048571407770796,-0.0923755882264597,0.011576553796655151,3.1,0.04552281158976257,2.3810101789578472e-05,0.060035206539633366,0.02762418399399307,242.839452,36.9942818
ZTF18abcryxz,0.06460381,2458302.250188966,0.0010421193752680835,1.3986567624654502,-0.0016249235945181,0.021250243237891545,3.1,1.9874582230113447,9.323813691302e-05,2.2205268488007666,0.08211859263340159,181.1494693,12.5567913
ZTF18aaotzhu,0.07152984,2458237.0859543015,0.0007034343703477551,-1.3709960912630739,-0.04970664372099743,0.03228138610110911,3.1,0.18444607709534466,2.943935822221919e-05,0.2911610647026963,0.04026304419793993,223.2064154,18.0802668
ZTF18acbudzo,0.04181543325894589,2458410.045376255,0.0014008044976087728,-2.573567857160473,0.18900744961777852,0.10254777027602427,3.1,0.49769496405497193,0.00027389860211848985,0.3901102500811382,0.12860544443460808,15.6599616,-6.3926952
ZTF18acaipdc,0.060658,2458407.809834649,0.0012948328533993936,-1.2003082170822428,0.03664526090254435,0.046263924482898636,3.1,0.25577824539504945,0.0001093973594414066,0.43179325178812356,0.05480355625627955,330.2643444,7.7960211
ZTF18adakmnq,0.037721199999999996,2458484.6466305098,0.0007129779772594226,0.49865298723204216,0.4861107307058901,0.014134240168561619,3.1,0.8744814151432365,3.7480452347847e-05,0.2547120900446261,0.03808862761011144,183.5068244,38.5526203
ZTF18acszgnm,0.1155741,2458460.689217234,0.0003587937639678943,-0.5757563942062599,-0.17245165350587294,0.055940976834707355,3.1,2.420701943570748,5.885934345363395e-05,2.1653649823767083,0.20789528760367237,55.8506617,-6.3934661
ZTF18acusnoa,0.089264,2458459.7638068288,0.0005686495142955141,-0.2804573196181615,-0.06286330629819967,0.04347149521124237,3.1,0.40498160291463137,2.4875849631059716e-05,0.39893920170635355,0.04621129312273697,157.280903,2.1825598
ZTF18aayivoq,0.07924838,2458286.3896095944,0.0004907088308760921,-0.8765489056950402,-0.012052291596011344,0.018565279081309508,3.1,0.2306216221768409,1.693005893961552e-05,0.2883866656106886,0.03425112072679416,180.4785707,36.8951962
ZTF18acpscso,0.07082305483144202,2458454.0203904146,0.0007652562397542106,0.6058990454498622,0.07482923445411907,0.02071973826669714,3.1,0.4915479803457856,7.197092947797624e-05,0.3703080658882738,0.07137671832092143,31.9907617,-6.093389
ZTF18acnbeuu,0.10218630000000001,2458449.595382707,0.0005357829917132509,1.2647439035599686,-0.037365261443586484,0.01170510530775778,3.1,0.10443299752660096,1.7443680365530142e-05,0.14633927782706288,0.031938424095389745,142.4222804,49.2124525
ZTF18ablrljh,0.09395919999999999,2458329.1977863857,0.00023494199313140352,25.083115037815023,-0.14989339168040816,0.04563750477576688,3.1,0.3293787438888103,1.0876388881654181e-05,2.0828404650809653,0.04146422420038106,248.8438629,22.4684848
ZTF18acqsfxh,0.04184256,2458455.0603106273,0.0002512406772289187,1.2569296938183425,0.7168168637008114,0.013427570262487719,3.1,0.22511027823202312,2.8613574161790813e-05,0.30101949539045453,0.08468811364934707,142.3412997,54.0077819
ZTF18acehilk,0.03399297151972632,2458440.966655716,0.0021601219890196315,-1.3804581309465893,0.151423907028124,0.2152853327937739,3.1,0.28487813263200223,0.00010930047860889092,0.268041237236397,0.04882908029700528,347.0670419,22.7121748
ZTF18aazjztm,0.07206996,2458291.72717297,0.0005580614230641778,-1.4309893557624493,0.046273669935187035,0.03556895305910273,3.1,0.06488209473900497,1.664047949918306e-05,0.08547705645184116,0.028202897961541875,260.1016527,55.2146456
ZTF18aansqun,0.05964478,2458314.3311711685,0.000359342271573862,-1.6133784823365815,0.3442841070240647,0.012555181073074125,3.1,0.09031510655768216,1.2225284530275113e-05,0.14975680030735092,0.03076861858233503,251.2921112,42.7178818
ZTF18ablongw,0.08181214,2458345.968611269,0.00038841935760157296,-0.20970327781048365,0.12961454493129695,0.023937548764045295,3.1,0.20642008865252137,1.4177130419435844e-05,0.15568336908265035,0.0329968128534268,262.6781438,62.8311295
ZTF18aaykmzg,0.05615117,2458262.713202022,0.001472423867022394,-2.2263662346494626,-0.21245885183944488,0.020214523187122888,3.1,1.0899205442983657,0.00022608573055359684,0.43649325426484337,0.10597727312938285,224.8782845,28.1830153
ZTF18aartjmf,0.0878217,2458325.3717932086,0.000644783356019121,0.36672657299829053,-0.09309534212308884,0.029998537464084676,3.1,0.29176977020688355,2.7787232517101784e-05,0.3486363764386384,0.04184863795203833,231.7449686,8.2614907
ZTF18acdwazf,0.03320153,2458435.036269487,0.004646249059350303,0.36987573100770765,-0.0872214516884197,0.011198501200002833,3.1,0.13917464250698686,0.00014594281515359502,0.08538224366658784,0.029771688737913166,186.819287,35.800629
ZTF18acsovsw,0.03279604,2458473.276963308,0.004163952453396589,0.1420913334980698,-0.17992915843095159,0.022886079588569967,3.1,1.9544735550880432e-05,0.00014328596810611106,0.09261753854499896,0.030021752051842012,141.1572711,25.3951372
ZTF18abosrco,0.02266635720104753,2458348.8551222393,0.0055907635087922725,0.9388270543023682,0.14170790129666933,0.057350217676376866,3.1,0.08704444230534136,0.00018578538356730034,0.08985084097859342,0.029864209105171236,352.4717613,27.3779942
ZTF18acusegd,0.019511464425465332,2458475.614176985,0.0072582457772247385,0.20375432873233193,0.06466940954065836,0.047194751623696976,3.1,0.060293352929875255,0.0002501612857966638,0.05784872781624995,0.03016449552854967,120.029747,58.7097512
ZTF18aahjafd,0.0358346,2458231.100140011,0.001285951815411322,-0.4225866004527378,0.3276119182824222,0.009861777640753366,3.1,0.07405165419913828,4.1229181001096463e-05,0.08457918783919538,0.02960933402108461,198.2744948,23.4595151
ZTF18acvwhaz,0.10736480000000001,2458478.6345632775,0.0004284746764982527,-0.014406797643557788,-0.0834270606938614,0.03597914699642699,3.1,0.5658940258435905,3.097069692942999e-05,0.5921484238605159,0.06328088083324886,126.4006279,12.1982172
ZTF18abgkjff,0.04490508,2458327.9261235497,0.0023799546189225535,0.6540113404865661,0.00026560518608761616,0.030608988299129974,3.1,0.2092158175073564,8.090650564357531e-05,0.21002440000052627,0.03330644988241719,227.6687017,8.5743028
ZTF18abxbwwf,0.0599695,2458390.0743800327,0.0009222209956049826,2.125735414392337,0.1593380254532385,0.07449339288709017,3.1,1.2971354736946523,0.00010131813190238689,1.6267424400866453,0.09818619441452082,251.5364674,19.4547821
ZTF18abwlonm,0.07018422,2458388.3939421605,0.0011475046407495892,1.345845143024945,-0.0013373597713678095,0.024394899911403905,3.1,0.3553437024820596,5.1498412003794824e-05,0.3433193636570934,0.04415322150935812,129.5964213,19.4704359
ZTF18aahfeiy,0.07123715,2458214.769155713,0.0008143005138132971,1.3651029436157514,0.13992040306518252,0.009867155178216146,3.1,0.2499051596969366,4.497614599088551e-05,0.2166638939112061,0.046858814359339834,154.3148488,43.5233541
ZTF18aaudfnk,0.1005201,2458264.1828590543,0.00036836244204439627,-1.1467936849714953,-0.11911084060246141,0.013821050247279278,3.1,0.06865078187547624,1.2314955400786914e-05,0.12886179596829342,0.03199904251627196,239.1321449,44.6020313
ZTF18acbwarv,0.06453508,2458428.79378994,0.0010684960253061623,0.23603708921479027,-0.04570672447978575,0.009971608396832143,3.1,0.18304176139645278,3.200997227541133e-05,0.12333678751665911,0.02826640809262139,161.8968422,41.7148976
ZTF18abryqnn,0.069763,2458366.72950215,0.000769771762610641,-0.14278777592698869,0.044055785941311675,0.04426592760489613,3.1,0.12337230681441724,2.3734915431707397e-05,0.129250795093,0.02877188276719036,355.1913168,14.1003726
ZTF18abssukb,0.11025560000000001,2458375.1405381565,0.00041040078606808877,-0.6549702985442666,-0.057692528406594834,0.019677494515165497,3.1,2.7396131213754416,4.236522731584511e-05,2.2210289555545812,0.08068154727518533,227.2635799,31.9410837
ZTF18acslpba,0.029314,2458463.5697551104,0.003001219713536401,-2.1636067566710664,0.042533292609589386,0.02065967758999418,3.1,0.17997066001407802,0.00011457262340030936,0.10755834445227638,0.03341240307605648,41.0342169,-9.4516682
ZTF18acnnxzz,0.07661485,2458444.0492250803,0.00042631607755097746,-0.005494145953444231,0.15724966124566428,0.018709026623830765,3.1,0.3151510679163039,1.4523515231216249e-05,0.3004459894718567,0.03502992477565944,152.7244337,6.7542141
ZTF18abkhcrj,0.038230300000000016,2458343.47147674,0.001507699556409558,0.8987936433773241,0.21998982577721427,0.04419537768251673,3.1,0.05885788542218506,4.712783830309744e-05,0.06307031885495773,0.02839617221184933,256.6513739,24.5453192
ZTF18acbufud,0.08420382,2458419.6415781197,0.00041070086139624893,-1.3489418161228781,0.07234777987414494,0.021250063379033318,3.1,3.204270829213783,8.975073664492246e-05,1.0303998748754624,0.11521664590900121,28.791571,2.4846813
ZTF18aawurud,0.053073,2458327.033772086,0.001172613400330672,0.03515516970941986,0.1325038874945668,0.0480692423109469,3.1,0.04814363783225417,3.4881370586431036e-05,0.04272124790565508,0.02716560648229395,280.7300613,50.6593335
ZTF18accdvrb,0.017766370243050063,2458419.111083336,0.00651763914867095,-0.27122559744873587,0.302484412688958,0.03335845292881785,3.1,1.9322149455547333e-05,0.00025682968897285975,0.11198202851822367,0.03333621181078016,151.4497575,-17.4343703
ZTF18aajnyyp,0.08496041,2458231.5729117696,0.0003790028724571593,-0.8190838629224825,0.18743463118989967,0.020314091101860533,3.1,0.5951163067948073,3.940732640466089e-05,0.6945163498083857,1.9441164653397596,219.3741477,43.6741966
ZTF18acbudzh,0.03634158,2458414.4602707587,0.0007093324643342678,0.02688877709063773,0.5438816625781995,0.027887653941112752,3.1,1.079178093932569,6.0083099669288184e-05,0.41560714583027336,0.047222582955414205,9.8336251,-10.478975
ZTF18aaxcntm,0.02679243,2458279.66445998,0.0030633213937909616,-1.3818337787070947,0.031851981444478546,0.008087880424487732,3.1,0.039132182486355305,9.031042546701978e-05,0.03901345475729339,0.02695858602578525,247.0463557,39.8201296
ZTF18aazcoob,0.08427000659663189,2458295.7020580717,0.0006031930154438855,0.3586660548112949,0.05243893906276883,0.03088334937948306,3.1,0.10101528046652675,1.8399665145215586e-05,0.11350141172700197,0.029163730990082178,269.5114405,69.0728141
ZTF18abixkdo,0.03034527,2458329.0870928727,0.0026355568204056885,-2.17125109788055,0.04350955088391103,0.041666659255954364,3.1,0.18434128654189408,8.93203498595918e-05,0.14760225098215476,0.033720755455389245,243.9520888,19.6570442
ZTF18aajtlbf,0.02783472,2458228.532542592,0.001964375361164281,-2.6151669099343167,0.10277992636041344,0.022336169538127462,3.1,0.08148057525977492,6.334281821543732e-05,0.06688001366465743,0.030575519658687638,261.9676437,60.0955043
ZTF18abshmro,0.05430928,2458365.8545759907,0.0003850395644061428,-2.103829312716502,0.3494217580975015,0.025658179786228398,3.1,0.17237629927694798,1.4182947327931134e-05,0.22962915998402722,0.03256793528940864,36.6971011,-9.0673107
ZTF18abjvzxx,0.05033761,2458332.381061638,0.0012815795652764623,-1.1838195128502498,0.07704497036144266,0.04464650017740043,3.1,0.3366148294880986,5.2979484923204e-05,0.3021753686949896,0.036493974246346775,240.2726376,11.9441853
ZTF18aairuad,0.06456795,2458229.8099738155,0.0008600037977361553,0.7596881512210434,0.05702961501457635,0.01420162979494022,3.1,0.08718657144345343,2.685739658875949e-05,0.09235402075221405,0.029047379476464175,177.9396866,57.7994954
ZTF18aczrafz,0.021008,2458486.4716449385,0.006417104740023018,-1.6663664667554754,0.008207423805130324,0.08670288499931478,3.1,0.1784928315319121,0.00024060219170192563,0.09115998030801324,0.03406420136561437,101.5994463,43.8244168
ZTF18acyyhgi,0.03703937,2458477.5081650116,0.0033795910371099873,-0.09226587063206737,-0.10037908122158823,0.0676286046622933,3.1,0.16283812164328992,0.0002491568293139202,0.2634118436325576,0.05731233826325719,243.5058462,20.4399035
ZTF18abmogag,0.08222634,2458350.2566917986,0.0005968849446413228,-0.3581664720164741,0.010370376253738718,0.026638116360103804,3.1,0.13867540238425136,1.9853944330675523e-05,0.14452814009367695,0.03179213867347126,13.3042223,20.7147077
ZTF18abvrzqj,0.101223,2458388.985082277,0.00043565767971483893,0.326230700856017,-0.06895945419206877,0.021796013613797117,3.1,0.41129175084643066,1.6569939150895225e-05,0.41241477014126704,0.03760939970092685,17.3301998,-15.5948122
ZTF18aaobjwr,0.11040530000000001,2458237.083533853,0.0002140942261984516,-1.0517726312212607,-0.005310305957768832,0.01555848588930114,3.1,0.3224831293337047,1.1782802999599384e-05,0.562294449976694,0.04853181075422096,174.1461982,34.5895281
ZTF18acbzpxx,0.08834532,2458426.441170641,0.0006134911127056914,1.5547418500554213,-0.021518524685752785,0.040800143029132534,3.1,0.6762002927716821,2.2531414838143713e-05,0.4446936194592868,0.035873071785399474,128.1833827,31.1834682
ZTF18abfhaji,0.101598,2458321.8907566415,0.0005323076851225495,0.12159841533308675,-0.07418103109016866,0.03868388987952753,3.1,0.059723421931266785,1.546274505414004e-05,0.07288222373747281,0.02959431887897901,263.8092868,54.246881
ZTF18acqpqph,0.02316421,2458446.0012169285,0.005850149559156385,0.8876964070093007,0.08316572206533199,0.00858032213448489,3.1,0.49082813994027674,0.00022503044758692648,0.20488523182039475,0.033350762233874474,204.8336858,34.6888246
ZTF18abckujq,0.06382665,2458305.2376420274,0.0011707650085673164,0.827430698475437,-0.02164959250282899,0.01660552709983227,3.1,0.16264147055335343,4.070073393470393e-05,0.20201516973380765,0.034020304918204236,181.6692369,59.5133643
ZTF18aawdpnm,0.04389802,2458273.587807303,0.0019848287349574344,-0.5088756076230463,0.0797966131482919,0.016818394751707166,3.1,0.16726383310742676,6.60931734741396e-05,0.14134252300973385,0.03099025995742074,213.8297393,16.8921648
ZTF18aaunfqq,0.07108651,2458268.3863502406,0.000672999808225966,-0.975442166193912,0.004662348857507813,0.008496658414195994,3.1,0.06602204754017293,2.0682829455203364e-05,0.073210043558261,0.028449944384822512,238.5800354,39.4539193
ZTF18aajpjdi,0.07461706,2458237.7930081747,0.0007425145311769106,0.8082469717297149,-0.005065627713135884,0.012581294465267363,3.1,0.09828081028535962,2.237174608856748e-05,0.11202057282605739,0.029145174264945582,199.5276168,27.8733933
ZTF18abtfrbf,0.05702774,2458377.88094653,0.000851889154309308,-1.2119993722099782,0.02107623961301499,0.018950153323091766,3.1,0.15740647190250456,2.787093146977276e-05,0.20565812015508225,0.030226272458213615,7.6026412,-1.264157
ZTF18abklaoj,0.02795989,2458329.7374860775,0.0026812444440317703,-2.9183572151040154,-0.016802940329388286,0.038917458895816534,3.1,6.779910333221778,0.0012627878140496363,3.253291987456308,0.24493486901225847,223.3845887,3.0704866
ZTF18aarbgdn,0.04449056,2458244.521318099,0.00241435354930588,-0.6354531836574351,0.022556974839469366,0.030068001652079374,3.1,0.1491583213210106,7.844316097117012e-05,0.18479812648488808,0.030229313100538235,155.67132,15.9391079
ZTF18acvwchp,0.05142530000000002,2458467.5595242064,0.0014597727394686235,0.2519403324727197,-0.04372515917657777,0.010701106882558514,3.1,0.965569962747395,6.662710593429344e-05,0.31135285126405354,0.03655789224001965,211.384527,55.3101908
ZTF18abbpeqo,0.06678188,2458301.093946467,0.0008758883224689467,-0.1323909617380047,0.03356862456583987,0.016889331555158923,3.1,0.04126080917194486,2.522869461930962e-05,0.05253060161291734,0.027193718805132047,238.2268102,50.6194718
ZTF18abwmuua,0.06424318,2458388.0899998853,0.0009318441626997932,-1.0273265990475098,-0.0058926175999799045,0.0202821714161223,3.1,0.2091686283238232,2.809168099535532e-05,0.2391073715586312,0.029728530044305878,249.6433024,31.8730194
ZTF18acrdwag,0.04191159538405788,2458454.011980001,0.0019319021785504644,0.2629067778084204,0.1324718964083676,0.01985744480386198,3.1,0.4517865173984319,0.00015206860804034688,0.4187898411495487,0.06123375094176857,206.0920538,14.3257647
ZTF18abnzocn,0.029980317338974254,2458361.17562156,0.00020947430340691582,-2.9926068696041646,1.0479433204480446,0.047833566729954216,3.1,0.15007272642105818,2.0946650329598786e-05,0.3129169966384907,0.07311842888389648,41.0296672,37.5242937
ZTF18adalgmc,0.03503196,2458467.711608439,0.0009608705142614196,-0.8325381376734381,0.3716341411536889,0.02930547621395051,3.1,1.3221368859522045,0.0002456687278084999,0.6555064409166633,0.15505573765724637,224.1279711,23.8336884
ZTF18acrgydk,0.07247815,2458453.263647351,0.000703328209061025,-1.077262598298827,-0.1405187910306422,0.01539483502873525,3.1,0.3910609327722341,0.000156892800118806,0.35528203524718344,0.1742669333301476,159.9544577,47.6009335
ZTF18adaylyq,0.05616242,2458490.195868309,0.0008431128203541614,-0.7502216942467874,0.14515584429237902,0.048635781269850034,3.1,0.21256904234178364,3.4455462182765416e-05,0.303002883728266,0.037189133981518456,127.3463239,26.5161989
ZTF18abmjvuf,0.0784,2458352.1104275635,0.0004098072982978461,-1.977077156370251,0.12143123606798811,0.01834869608276559,3.1,0.191240843385458,1.8768209529098167e-05,0.30285104438193017,0.04050970781560868,230.3097727,30.6366429
ZTF18abykswp,0.03594071648767805,2458399.381327849,0.0020053034447615626,-0.6215707617896274,0.147186512046936,0.0898242121571467,3.1,0.06451150076463819,6.526781471926977e-05,0.0682436200341212,0.029625640012409894,98.5452277,52.1298
ZTF18abdmgab,0.080282,2458311.937031863,0.0003021115762340285,-2.1488185695084057,0.09675810175449273,0.01873467413808041,3.1,0.13792011747136712,9.739539138898915e-06,0.24635224353791493,0.031101211095244337,250.9022405,33.5336009
ZTF18abiirfq,0.04990525,2458332.1632172405,0.0013819482902057035,-1.0521878157327647,-0.03199768246907317,0.012670706630575429,3.1,0.5740671574603766,6.959354802885604e-05,0.8144466320949539,0.046502272244360335,185.6534059,47.969264
ZTF18adazeua,0.09036711,2458488.5330037805,0.00038561609101642343,0.8238314689206518,0.18078116143160403,0.026294547904583607,3.1,0.5311524111311883,2.117221630193732e-05,0.8031679065383001,0.04949704922370241,150.5326868,19.1398945
ZTF18acbvgtu,0.0302473120070305,2458408.980670722,0.001582857518201481,-2.105198939001409,0.46219641953876234,0.02293033232320393,3.1,0.3830135727766901,0.0002669737514763863,0.31513569789139956,0.10712649337766815,40.6395606,-9.4682129
ZTF18acvwgdu,0.063394,2458479.5070047844,0.0007429394128496408,0.7394035601151079,0.25808248295776703,0.034869385723769644,3.1,0.13694631587713957,3.0262072724141622e-05,0.15842844847455714,0.0331665941084476,142.1853761,-5.7519405
ZTF18aarldnh,0.1077247,2458257.918766498,0.0002824993970293625,-0.35120989918757073,0.048126212227710644,0.012308128644608202,3.1,0.18869129056110978,1.016579033545586e-05,0.2266057580743527,0.035476654921768956,195.6554633,55.9257326
ZTF18acxbksd,0.023688859042749352,2458435.795484868,0.00138202598260091,0.4543166370493637,0.42739751570175244,0.022296785678235072,3.1,2.0250678062438965e-05,7.136671740766284e-05,0.3086734133935474,0.051565950169951,179.1128639,3.7700152
ZTF18adaruzw,0.035374,2458491.655345032,0.0026270448071781987,-2.375034901391068,-0.006969142124940876,0.3818058594180896,3.1,0.365520917577669,0.00012099198354688934,0.521735469158949,0.04704773901067958,66.1183715,10.8918738
ZTF18acdyypo,0.05016286,2458467.320258593,0.0016005586386420726,-0.7181765536340142,0.11622560026700132,0.047849350921000657,3.1,0.1955051172990352,6.433030546482378e-05,0.26896345297860264,0.03490751854387731,12.012874,16.0160523
ZTF18aakecej,0.06645045,2458231.7692578454,0.0007378024612504677,-1.7486728280847885,-0.03979701741922542,0.014624492910750547,3.1,0.07703551603481174,2.165961603480671e-05,0.08306958998200005,0.028422149001956415,203.7732764,53.8751981
ZTF18abbodly,0.01658821848315228,2458278.7657340225,0.00509541349736835,-0.7810415704750874,0.350922309812251,0.3572253924321288,3.1,0.2511966035235673,0.00017752347118345015,0.152356292188304,0.03392201580403184,331.4055978,44.8376581
ZTF18aaguhgb,0.12428789999999999,2458216.009182591,0.00039080587103184304,0.7943222064091243,0.0026044970231127807,0.012485122483680607,3.1,0.08623638283461332,1.3941965113751453e-05,0.12817042587125604,0.03511358900801205,219.4541978,45.5492765
ZTF18aaxnkos,0.06282137,2458283.5768384733,0.0008518378486457989,-0.39205202859826255,0.021566129461929536,0.008188828064422976,3.1,0.18745284085161984,2.6651357512957738e-05,0.24575175043022066,0.03040227250634385,156.527241,47.2742866
ZTF18aakaljn,0.06990957,2458233.659242757,0.0007797438654227713,1.480848325875274,0.214113871124325,0.021374548352455496,3.1,0.34900848427787423,4.213946505489035e-05,0.4285164687600089,0.04842414360074928,145.2943618,24.0224592
ZTF18abjvhec,0.0569001,2458340.763050613,0.0016443820113562376,0.6045360040635696,-0.05420329513763757,0.02046509363542659,3.1,0.10496466956101358,5.218999581368764e-05,0.15241459980326522,0.029870524614143974,226.3768342,30.9102552
ZTF18abqlpgq,0.09526871,2458367.1670444896,0.0005197829755660488,0.5385349204605538,-0.045401931153147466,0.06210109908915851,3.1,0.31816179025918245,1.834765541227055e-05,0.36135485346892576,0.036598129490685846,340.1028086,16.1907949
ZTF18aaylcvo,0.04446448,2458269.2676260155,0.000719765067112592,1.0321159798230568,0.33063408242875797,0.03548917053128675,3.1,0.2477871347218752,2.9228758019419337e-05,0.2259331611483146,0.035146613954440915,232.0434588,16.9291098
ZTF18aczdapb,0.04717155,2458474.4083527527,0.0006780446432187585,-5.2358708755092245,0.10214180276182558,0.02558584370152986,3.1,3.75712833320722,0.0009335211246767562,18.703697769412255,1.0782757783881538,138.2011134,27.1286177
ZTF18aaklpdo,0.04600617139652345,2458435.291769123,0.002085677390408755,-0.6270768580547911,-0.025059167423712475,0.01819382944756926,3.1,0.12770075513981283,6.383555135278687e-05,0.07918499623519959,0.02833120150343043,177.4508108,25.650646
ZTF18aahfzea,0.02435577,2458220.896977751,0.007201722720577075,0.05121125657973177,-0.08835685046586447,0.03215779534709022,3.1,0.1758091237861663,0.00028945471346174695,0.0973175442633841,0.03329473761427369,181.361107,20.299052
ZTF18abmxahs,0.01478627,2458363.362092514,0.017252649834893094,-0.16192956030012526,-0.014674244822473013,0.052158162936214905,3.1,0.12504419963806868,0.0006131293240667242,0.11029200331710491,0.031402054419159824,257.5465159,21.6490363
ZTF18aarymnz,0.022922,2458232.4279308263,0.006159855358264927,0.691015961307493,0.047974313492221,0.05534378310299472,3.1,0.13827499304898083,0.00019846252106156507,0.16579405711024067,0.03141358221215102,109.4830973,40.9854927
ZTF18aaqedfj,0.06232362,2458242.485621713,0.0011718635024141708,-0.7521852327507703,-0.05488936076933657,0.012584303249217447,3.1,0.15642645116895437,3.920844891771211e-05,0.14846888740342803,0.04559013956772169,206.3550403,26.4242373
ZTF18abetehf,0.06492737,2458318.609709055,0.0009879105628491744,-1.3969012331640802,-0.08516346980446433,0.022793366191469044,3.1,0.0632089062128216,2.94351665779269e-05,0.08084873093196204,0.02833276863109367,233.4871508,31.1698381
ZTF18aarbify,0.08116088,2458247.7853172654,0.0006379610254368382,-1.581388978581815,0.015114613538228046,0.024906345412191742,3.1,0.3826782323885709,2.3313724140799128e-05,0.38508856392871393,0.03627807378607471,155.0878001,29.4126372
ZTF18aaxcfbt,0.06811125,2458278.432537374,0.0010864312460449614,0.02617307905898593,-0.06257347836330394,0.010573580009561044,3.1,0.1483769272454083,3.206607966824818e-05,0.23436221593070228,0.028686233382076334,164.6128574,51.6957834
ZTF18aahfgsk,0.05376839,2458216.784541508,6.38515781663814e-06,-0.7307255937608176,3.891378181220426,0.02655183552461322,3.1,0.28733258275315166,1.7836571058408508e-06,0.11230533830621295,0.1907175826203188,181.2429244,32.3913761
ZTF18aaqfziz,0.05382606,2458246.021234234,0.0008762137108580473,-1.259023951482901,0.22672653586700547,0.033995681100644395,3.1,0.2716503313276917,3.3060165752630797e-05,0.14997680258728013,0.03795047493018472,224.7690719,19.5872461
ZTF18achbymb,0.1113673,2458439.4409767604,0.00023419583211612986,0.9462258360143531,0.22588523573411926,0.05057107201221213,3.1,0.43813655548729,9.770298109484714e-06,0.4042272181899916,0.04440753144046371,120.2214181,21.7664985
ZTF18abetejo,0.06337692,2458314.986117267,0.000664798883485854,-2.5658884763410903,0.0463946649536302,0.009176198830619172,3.1,0.2394469645805657,3.0227492598277443e-05,0.31615100412631497,0.04472214060723143,208.6439647,42.7746479
ZTF18abuhyjv,0.04711996,2458387.759210338,0.0025148747501079092,0.8587792737795829,-0.05695954072832724,0.029144852939475784,3.1,0.11017695860937238,8.492464448977232e-05,0.13756258670432564,0.030419379938966692,39.0652201,-1.1996554
ZTF18abqjurg,0.07931267,2458368.5845744945,0.000683190940778879,1.1136860891347748,-0.022948627911073487,0.012178530150531467,3.1,0.3595938633661717,2.6293770146835123e-05,0.551052390297443,0.046354744275868075,227.0176133,37.251526
ZTF18actuhrs,0.024971,2458464.4004550027,0.009642641209427255,9.636654891977184,-0.20924681320938604,0.04898440067511375,3.1,0.9483675276860595,0.0018448799031856597,1.7721005844221245,0.14477988767896388,206.6632819,-9.6433905
ZTF18abshtdj,0.06157759313337273,2458371.664717174,0.0006492063455719552,0.7533559268799538,0.1936102191182929,0.0317244959723729,3.1,0.11813531490042806,2.0027238610983436e-05,0.20004252074497106,0.028757508636725812,23.6731141,-5.6347918
ZTF18aaxdrjn,0.03391414,2458279.7260201178,0.0028023054449655975,-2.0477794695144818,-0.04669852269893107,0.01791231316938103,3.1,0.0697017686907202,8.719743491731326e-05,0.08620102457310641,0.029163495383760438,185.0069429,56.1588553
ZTF18aahpzhc,0.03821306,2458205.8714760556,0.0012662679794613742,-1.3811701560363048,0.27094083867436936,0.007027135230379891,3.1,0.5308271879330277,4.941747742215812e-05,0.22237963720251006,0.03996886533140609,153.2345353,46.4181067
ZTF18abdgwxn,0.0634603,2458306.714225465,0.0005733295498737994,-2.090985474423838,0.04314953935857947,0.04938498367693496,3.1,0.1067246834281832,1.710671266164607e-05,0.15593225877094039,0.028399930663890863,261.4228091,23.8691543
ZTF18acuefvt,0.07557197,2458468.701526479,0.0005831646599486546,0.99057735135733,0.13025801607977333,0.02976892507928782,3.1,0.2242194542195648,2.409822407367175e-05,0.24933686120384269,0.03731196988813717,150.6447444,25.0280098
ZTF18acbwasl,0.098,2458423.77645441,0.0004502705800927908,-0.7563855650678937,-0.02506401664281702,0.010540581887695622,3.1,0.44236492179334164,1.5826567082580974e-05,0.21654929063837075,0.031820531380256895,156.8748798,37.8744
ZTF18acsxusq,0.05601802,2458460.698992878,0.0011423741833115307,-0.6102620616496789,-0.011189952695143465,0.0487381948788627,3.1,0.4089118354022503,6.622104635957685e-05,0.3038623529949846,0.050793150897638986,18.3613348,14.4814914
ZTF18aarcypa,0.03203689,2458253.904186055,0.0010027031381556238,-2.82265263670628,0.13410202361630655,0.023252492624316272,3.1,0.2512089293450117,8.502626166531677e-05,0.28933417094167035,0.06663291795756957,167.4593252,28.9713801
ZTF18aaxxewy,0.07998238,2458283.6197148375,0.0006301437724801186,-0.21453413315661463,-0.060686729086697117,0.026830295711778293,3.1,0.15718313003890216,2.0489301166495063e-05,0.20438619149171403,0.031856009593512556,216.1892033,5.8398479
ZTF18aauworo,0.04981421,2458270.4660430714,0.0016486848118745935,0.022225765048106964,-0.04780326123748588,0.05128186444056848,3.1,0.1458154572173953,6.158857876208179e-05,0.15542369520759958,0.03323802771197794,239.6710004,21.120439
ZTF18aabxrjp,0.07917714,2458193.452469598,0.0006446098551172106,-0.7318629452200169,0.022443491923793878,0.02064023429221359,3.1,0.22234811657108366,4.175595346278278e-05,0.43371432864540876,0.053345843549085954,185.5432309,26.9945528
ZTF18abzbkby,0.02588561,2458402.137586928,0.00679012547694388,-0.08113241902914599,-0.005363903137950304,0.07972976601901899,3.1,0.13141224742867053,0.00026737372651449353,0.12454892797592598,0.035669843642778976,32.9094261,14.2023303
ZTF18aataafd,0.07699823,2458260.6354136425,0.000602712005109667,-0.9261282408493042,-0.0776938820268811,0.010826432408956812,3.1,0.11610335973091424,1.9887411539266726e-05,0.12018055904652865,0.03161024672197112,214.8372787,36.1721059
ZTF18acefgoc,0.02705388,2458404.625734583,0.001003965126205942,-0.3189579430854245,0.3722828510606864,0.05156541845487203,3.1,0.20267694210633636,5.4547499738153065e-05,0.2163986106762989,0.03806178035991175,123.9316847,58.3148369
ZTF18aawxlxf,0.08212955,2458276.9373596897,0.000641489269929487,0.01226493475691278,-0.012506930363476854,0.006360124969480677,3.1,0.19230809132568538,1.944041540001367e-05,0.2727984860752199,0.030143958148532594,165.5706164,58.2340242
ZTF18aasprui,0.03796067,2458348.2234704904,0.001818267313217798,-2.1034729031793744,0.0031741431212795744,0.014111992640115263,3.1,0.10107271955348551,5.40473097844298e-05,0.06290954934638816,0.02781528198334038,243.6406903,36.9433994
ZTF18acvwcig,0.1018985,2458468.828012375,0.0004061737526903017,-0.5199119806600041,0.02226456434457507,0.01152263543544273,3.1,1.192732963943854,1.8764505401074207e-05,0.6621583583290768,0.052537525989620935,212.7597327,54.5304271
ZTF18acnnxor,0.07868861,2458444.4778807503,0.0007906074105350153,-0.9446268874334341,-0.04106784314169483,0.03333626635610188,3.1,0.2983972786460072,3.0079363818174993e-05,0.2807494075314744,0.04154801907428693,175.3548612,10.3394125
ZTF18acafztq,0.07257641,2458397.38737535,0.0006628164318268452,0.9957076485330687,0.11567492846973194,0.03096282943532377,3.1,0.70537563203834,8.76764636732312e-05,0.9359461048284146,0.06636046423140675,132.3141386,21.5885352
ZTF18adathpb,0.031268,2458469.433167237,0.0010456409801086824,-2.932761245702655,0.16931634788670014,0.07452117125440687,3.1,0.7356246968265623,0.00017832107926788843,0.23963327522452152,0.11419773914851895,41.7313281,39.6009345
ZTF18ablqlzp,0.04157039474999621,2458350.110768135,0.0017532752416349498,0.16572000871683237,0.09785579718715873,0.02852902664480172,3.1,0.09324423340149224,5.390198053588068e-05,0.12019349682690648,0.02814996348942237,234.1332662,41.7998971
ZTF18abiinnl,0.02360828048024588,2458331.072879404,0.0066451030949242025,-0.06593882579303206,-0.013765519811216619,0.0761947723691984,3.1,0.08097714954055846,0.00021926589337166534,0.10104740419185865,0.03155890261040721,330.1737826,19.666136
ZTF18abcxyjp,0.04215854,2458305.3422816694,0.0015110382831605448,0.16581845557646024,0.06928668362496088,0.014449382339112788,3.1,0.12386596901342273,4.843415724432517e-05,0.1277451029868054,0.029946551545778907,214.5750325,28.9732905
ZTF18aawczad,0.06823571,2458267.2551085576,0.0006389548770919271,-0.3921888300151896,0.08460764519879088,0.008922871410946996,3.1,0.16983614629134536,1.9468359910380938e-05,0.13967457681083678,0.03194218211172756,194.5695074,27.7292852
ZTF18aauvnhh,0.05830778,2458262.839953279,0.0008026101099764772,-1.0304453056088982,0.21454195894162884,0.01702205896316098,3.1,0.14248759322799742,3.1505064312711004e-05,0.17294344882208468,0.03448026968019153,213.3437623,22.5783528
ZTF18aauhxce,0.0830808,2458270.9355537407,0.0004865029943925604,0.9652397346072942,0.14482140462146217,0.01665522897940254,3.1,0.12621608981862664,1.6127778822175825e-05,0.16743834299248797,0.0313246089528223,177.5688037,51.4534403
ZTF18abujnlz,0.02865592,2458358.2676711674,0.0026861921886715255,-1.1644219544863332,-0.05186521389695489,0.03599430933105402,3.1,1.5679227171931416,0.000488495010909626,0.6705359667432829,0.1173371865203168,129.5445295,24.8907551
ZTF18acxyarg,0.04083189,2458485.1318140132,0.0020149617907145555,-0.4299827182832653,0.02713199149822387,0.04661211143967426,3.1,0.14659993397071958,7.423484071155354e-05,0.16470429581419732,0.032653255609411375,120.1100095,42.8214457
ZTF18aaqgadq,0.07191038,2458251.4197613955,0.0006692125815487094,-2.135408422537471,-0.015250694977082644,0.01974789491877599,3.1,0.2224362906999886,2.451185246406405e-05,0.17594534071615198,0.039263107664254775,222.2860954,16.4577227
ZTF18aauxltf,0.05862162,2458260.8066655593,0.001395646089290317,0.6354136406705927,-0.028430748281308094,0.031429838416067564,3.1,0.1566205162089318,4.834556238951212e-05,0.1703118290267966,0.03208835089584956,224.369232,5.8422937
ZTF18aapsedq,0.07193439,2458247.911328203,0.0007713443860434149,-0.01132684023045022,-0.06824158643951657,0.019032382079831822,3.1,0.07710661715827882,2.2302856484522293e-05,0.069831242097447,0.028027811196908163,215.3960211,49.5471927
ZTF18aaiiigm,0.07821687,2458548.868069783,0.0003770629362754786,0.19129172110655746,0.305452577812243,0.007935382155184603,3.1,0.17584416596218944,1.384990572625776e-05,0.1692476404827009,0.033581383422134944,215.4790924,44.3658276
ZTF18aboztku,0.08016846,2458361.903948195,0.0005813106935936208,-0.9427779448043829,-0.018973264520824623,0.043654726181065216,3.1,0.45922202873043716,2.622548163874246e-05,0.9310920440990351,0.048139140841162706,243.4231819,10.6585224
ZTF18aajwdwz,0.09719001,2458228.1572736655,0.0003692592965565587,1.0948076292416287,-0.08958273367577618,0.032782345442284685,3.1,0.7212503023911268,1.70145031895633e-05,0.6311967375813493,0.05638696597848152,124.9178258,27.5304403
ZTF18abwlopg,0.08328751,2458383.520521382,0.0005805593318839972,2.1260134982046357,0.1788138502642863,0.025825717858731265,3.1,0.7489340389147401,5.147746205563409e-05,0.8217856433037989,0.073087088669841,134.3450809,22.2753763
ZTF18abgqkpc,0.1082427,2458320.049227461,0.00040619441503644485,-0.1558848716044607,-0.06763069751440591,0.014187101322913242,3.1,0.3689243693370372,2.1173680766276676e-05,0.37847661822194106,0.05000868968945212,217.5409907,55.8864109
ZTF18abealop,0.06658341,2458316.300405183,0.00022758629153925733,0.4712877379168545,0.34263324232180314,0.006661207480069065,3.1,0.1113500902429223,7.461057410898253e-06,0.14286331542403632,0.029880398338930778,240.9350753,54.3041032
ZTF18abssuxz,0.06491995,2458377.797300504,0.0009716370333018064,-1.8929751416281033,-0.044431978734956586,0.007414810460917791,3.1,0.2584586499724537,2.917501586119502e-05,0.3930764719358925,0.029798473423714045,244.451561,41.4695464
ZTF18acyarki,0.02609311,2458472.7165603954,0.0036138869899241806,-0.45846130854166933,0.2663001795206978,0.018212232418134865,3.1,0.6161698191426694,0.00014946984018421032,0.24846904541421005,0.04442112446322014,224.2887796,52.3476252
ZTF18aahfgyz,0.012012,2458216.29529676,0.002688206765875033,-2.622445840023576,0.4255372557009313,0.02191373859567134,3.1,0.19599983748048544,0.00017550364503324687,0.08228426379420921,0.04741723952559823,175.2832919,24.8195616
ZTF18aapqwyv,0.05596443,2458244.546413871,0.0006731848067540007,-1.9712613622534942,0.09743838920891625,0.03943668423818697,3.1,0.10745683847926557,2.118379553547193e-05,0.08054836943805907,0.030261862689981683,251.6054441,25.4215965
ZTF18acppxgo,0.07576034,2458423.1836236925,0.0008368635831733312,2.1103549197961855,0.06526801956258875,0.01988597598595286,3.1,9.390851482748985e-05,6.048081627610672e-05,0.6801608457492406,0.056886555934550075,174.5293092,1.9069522
ZTF18acwwowy,0.05506248,2458482.9356635353,0.0016124252479048477,0.40855957538234733,-0.03196699473921891,0.012563590009955015,3.1,0.16534526529721916,9.211553354027587e-05,0.28076935642662565,0.04195476849874356,180.5777962,59.2567244
ZTF18abltdfj,0.03038273,2458327.161722814,0.0010933497415517364,-2.268911410253727,0.26296006723672904,0.005459384282100494,3.1,0.3567017156165093,7.663557432101636e-05,0.124740950141438,0.04839087856856297,246.3021316,40.84029
ZTF18aasdted,0.01815375,2458265.8141270084,0.00849573575931015,0.7164215179017748,0.11507950628713857,0.025704663075730733,3.1,0.038743834011256695,0.00025400469500089733,0.03289648307325039,0.027408685819850478,261.4131605,59.4467707
ZTF18abyxwrf,0.020301949280235324,2458403.0941226296,0.005091480784965117,0.4972278300822079,0.23610310733423298,0.11171009962191515,3.1,0.10394078609533608,0.0002094325482309807,0.11826991636752039,0.03374900483366987,43.900137,43.0575895
ZTF18abcpolh,0.03512064,2458304.0767949834,0.002114799523880785,-0.5147972559886727,0.16773799662109903,0.047024685753671976,3.1,0.15397580084390938,9.466370636828413e-05,0.17353416431777058,0.03790061383119942,226.9941667,1.2323975
ZTF18accngfb,0.08514294,2458426.386516296,0.0007073266747372283,0.9197666667722805,-0.01399653725053226,0.02634705794303285,3.1,1.310314716072753,4.093463873789644e-05,0.4940134576185758,0.03922717168204553,150.8117736,15.0785595
ZTF18aabtaor,0.07983481,2458191.6273727636,0.0006944837937747494,0.6586218821425103,-0.04526286047300298,0.017655700920105447,3.1,0.36124757933430374,4.8068387836337814e-05,0.45157300608796785,0.05775087056838361,172.0952054,44.7489834
ZTF18abjtgdo,0.07392846,2458337.21888395,0.0007067506154325068,-0.5829828746850646,0.007563915597096605,0.011017710703557136,3.1,0.09042739681899548,2.1328074397607307e-05,0.10087302363984677,0.028760759245172775,226.0983554,61.621448
ZTF18absbsoz,0.0871,2458370.16352763,0.0005353607928881684,0.049757331209698726,0.05781953251513378,0.1869771339352447,3.1,0.35877131624147296,2.1122404926564507e-05,0.5308025011009422,0.040032285434877045,346.9652215,23.2040667
ZTF18acbxkpa,0.078778,2458417.7222067984,0.000502450498279778,-1.1039928623078712,0.14197295260399068,0.025341020512938274,3.1,1.9041549395769835,6.252900100043354e-05,0.886825017600022,0.05389550843099453,355.725913,-5.3042
ZTF18abrqedj,0.03713752082760143,2458373.623987531,0.003029984026588408,-0.02561398845809692,-0.02580141243298805,0.06595223491564835,3.1,0.12760259211063385,9.754522495258945e-05,0.14802461167090933,0.030470998736520552,103.0894157,27.4707965
ZTF18acbwawc,0.03953466839548354,2458421.975705752,0.00022777164983917093,3.4333981899465518,0.7230802473446633,0.008818667854265019,3.1,2.0347474277950823,1.615556598344892e-05,0.44865559204353345,0.0411342037883671,170.9729001,58.1428653
ZTF18abqdadp,0.039545300000000005,2458371.6292702854,0.0037901395260215042,0.33241266361968125,-0.09398111945909053,0.036388267005829436,3.1,0.2072672606445849,0.000118062675001298,0.28552412849735875,0.030426103790891456,241.7625408,15.5957445
ZTF18acbvbox,0.03486930070011848,2458415.174514409,0.0010909721125152247,-0.9190517346331929,0.4085649101729216,0.017312977747995305,3.1,2.5589496167376637,0.00029684573611843596,0.5156092940889486,0.1057415025151294,37.7378402,-13.722567
ZTF18acrdlrp,0.01917908,2458463.713853726,0.01280394591002958,0.5216943215284409,-0.044996440218237635,0.018699096797810743,3.1,0.16105572716332972,0.00042056305322849577,0.09188945842503467,0.030138432725618843,157.4681662,20.6693635
ZTF18aahjaxz,0.04630438,2458226.764455054,0.0004061730082311048,-2.691297502151706,0.42779574924570624,0.015737076362849035,3.1,0.17639919160865247,2.0915744433502325e-05,0.2148318634072866,0.04668521384128684,193.4559714,29.5907534
ZTF18achmxsx,0.08404417,2458445.899805495,0.0011112632565382153,-1.1694671863097985,-0.3447016253560668,0.03896025278750619,3.1,0.38352339225821197,0.00020893878211770498,0.5700053694011911,0.1454176565148581,27.9822687,14.8515743
ZTF18abtrvkm,0.038002758540665545,2458365.991338651,0.001869161364345105,-2.1312254933838783,0.06239409618084473,0.08481227771861374,3.1,0.08500850317068398,6.078682261432392e-05,0.11066501429765893,0.02931177582518178,41.4972101,42.5415008
ZTF18abyzlhn,0.05449410166372802,2458383.9769715387,0.0014457076014226086,0.0653211199420739,-0.029182014352752434,0.053914829672673054,3.1,0.19658496999181807,4.9636158983031964e-05,0.2794702085927697,0.03197825855500477,338.2053218,-1.8526679
ZTF18abwbaim,0.1071876334417054,2458388.135171905,0.0004087354692553288,-1.026334918898769,-0.009661725833901886,0.03727744081951288,3.1,0.5079478272236884,1.863606362524207e-05,0.5120271707068441,0.04748644965557809,53.3583395,-18.8355907
ZTF18abvejbm,0.04416009,2458386.6047389572,0.002230480625064537,-1.5566053501356052,-0.02763569553391845,0.026338809696541232,3.1,0.15089611220173538,8.812652289032009e-05,0.19007420120633706,0.037053556879720284,14.2609162,-0.8738552
ZTF18abcrtnq,0.1015124,2458302.799826457,0.0005600576887842685,0.653156683919389,-0.05014661333051989,0.009366668211441099,3.1,0.5180522354785353,2.221532669885312e-05,0.609037414498792,0.04208538141740252,198.8929836,28.3429104
ZTF18acrnfww,0.06468254,2458466.118954603,0.0015126545035083348,0.6905884100258468,-0.008368377109342929,0.01819637000225435,3.1,0.16434266627766192,5.5759925340372366e-05,0.13128106056395444,0.032154465181526766,181.0713106,38.9989731
ZTF18adazgdh,0.07670116,2458490.3197331275,0.0005277220186107009,0.5949544885455849,0.09640954008634961,0.03081483109173832,3.1,0.20200072089210153,1.8864910442968684e-05,0.13059617159847042,0.033878224317661604,146.3772183,15.351637
ZTF18acmxmlq,0.039517,2458449.1735029877,0.0014618048683044745,-1.3841839822552096,-0.2949069851770326,0.13398227802353896,3.1,0.3992129936814308,0.0005727609110617933,0.4306175874252784,0.2892378789810585,7.4826724,10.6986121
ZTF18abmwnov,0.046713441489747605,2458365.6856876705,0.0010926394360784588,1.8805942567105833,0.2267302036253964,0.050198391153566065,3.1,0.13299177726730704,3.9786671170994136e-05,0.16896657182813293,0.03162151837801655,3.7576645,34.8114486
ZTF18acurlbt,0.07788438,2458468.4376753466,0.0007696901423246616,1.0642706266780253,-0.08282130332266505,0.02541514166870045,3.1,0.5179944685660303,3.214657947074603e-05,0.4200209206371469,0.03954650332814522,191.7094412,22.7964487
ZTF18aaovbiy,0.07743099,2458241.19651285,0.0005881798491220628,-1.5563257429771222,-0.13055008712277635,0.021910596104857988,3.1,0.24130800203420222,2.5665712821073932e-05,0.22190306322402012,0.04995626739571165,231.6595892,28.8662727
ZTF18abuqugw,0.03104095,2458385.365333084,0.005157764847099038,-1.294790626459058,-0.12604916212591688,0.006203549892900972,3.1,0.17903040233068168,0.00015254513242248495,0.20287141798437883,0.028423994058745062,244.5577251,39.1238199
ZTF18aaumlfl,0.08737274,2458266.0749671175,0.0004739741983835658,-1.0312521301372444,-0.0933861599971481,0.020051102172173027,3.1,0.0740237021818757,1.4731477715772314e-05,0.10379053207479702,0.029886412460273366,244.2707588,50.7924507
ZTF18aakoylt,0.08760596,2458238.9579374543,0.00041697901538595883,0.817524232210712,0.007902683512196819,0.028166198882096795,3.1,0.22517009521834552,1.5010772213646226e-05,0.2570821370760471,0.03362344935256732,179.5497978,49.3205109
ZTF18aayiahw,0.06368332,2458290.182422925,0.00029543837875570776,0.13046798400959028,0.4221517168116071,0.01173415913387613,3.1,0.3259350114967674,2.5976501969965204e-05,0.5793043161781187,0.06839422548550601,209.8083457,28.5407671
ZTF18abobkii,0.05974455,2458360.5473820763,0.0004295622072381078,1.1920162172302993,0.5042019358082027,0.011641046295271002,3.1,0.10361302690580487,1.4889034254360618e-05,0.1629014777589511,0.030746501921331222,243.6957759,43.3052958
ZTF18abupgql,0.04616641,2458384.6569146533,0.0013416631399613185,-2.079125847740343,-0.020429260319153444,0.026887790945165434,3.1,0.154217409202829,4.4285883272453666e-05,0.1986727941309536,0.03171410578523625,19.0153958,-0.1174502
ZTF18acrdmmw,0.04979017,2458462.5901907766,0.0020810815986362563,0.3960304008397889,-0.10932014273820373,0.0171796958424019,3.1,0.11220757127739489,6.729455101472511e-05,0.10852061618965055,0.02972903095571499,171.8636226,33.6173026
ZTF18adatosi,0.037249,2458489.9356639353,0.003255033254114756,-0.2686865311354321,-0.052941167048567425,0.6024479592283335,3.1,0.4001816383097321,0.00017207370986685084,0.37223123916661255,0.049615536094627176,89.5708585,5.8046753
ZTF18aahhenr,0.07637882,2458222.433847082,0.0008861963760688138,0.9619581538735141,-0.04797181932834841,0.0101541014069568,3.1,0.3401493679266423,3.775911118532427e-05,0.2538264265862262,0.037340734268606596,207.3631885,26.4621299
ZTF18aahheaj,0.05270904,2458226.235840206,0.0014524826413632205,0.7587825131256009,-0.020699428424682715,0.02177075417402509,3.1,0.19588961848057806,5.62386921794281e-05,0.1641562269395478,0.03469126466087419,195.1104788,18.6193655
ZTF18abcrxoj,0.03086616,2458306.631952403,0.004122953757783431,-1.2197886918697476,0.01774709539603576,0.019122179822912116,3.1,0.04755588946864009,0.00012110599083137954,0.049059971481665306,0.027079157164934607,239.2596393,37.4171785
ZTF18abnxhmc,0.07641185,2458363.3622603556,0.0007572777531512708,0.9314841176647096,-0.007667514558613244,0.061096765370930235,3.1,0.2296528508886695,3.803398682429254e-05,0.32134773391909155,0.04139959975744197,329.7575324,11.10369
ZTF18abuhzfc,0.03719110941955958,2458383.770896959,0.0022859235723585204,-0.4595447923573666,0.14097233404870282,0.029352782258429393,3.1,0.11289011547341943,6.979156824606462e-05,0.12385663182926517,0.028164595203640907,16.1616523,-4.2581731
ZTF18aawmxdx,0.04252644,2458472.037395358,0.0018553037164820783,-1.8876244461761138,-0.0411739655197023,0.03026897883136268,3.1,0.22866689274087548,0.00011560428360479269,0.1946321129063308,0.050601751887367805,147.2431622,13.9843606
ZTF18abkudjo,0.0921574,2458345.9580220534,0.0004495962653367148,1.3063307262453951,0.02104509432616134,0.012977644670494268,3.1,0.3122865778859705,1.8681705513439566e-05,0.39240370384600315,0.03900481748172907,227.0606388,34.8682347
ZTF18aaqcqkv,0.117414,2458248.091338253,0.00024457183579866206,-1.539868368143731,-0.0643030388623367,0.008591214941426785,3.1,0.20221210457384586,8.125284912881969e-06,0.3920780051852266,0.03558810873301421,196.5102642,48.2773515
ZTF18abncimo,0.055671097008861484,2458362.6233826256,0.0013461902785370727,-1.0154290200310443,-0.00910160523560865,0.04517181180884859,3.1,0.12841906514950097,4.543357116035674e-05,0.13864786424851355,0.031723516612471386,336.9033574,22.8953122
ZTF18aazixbw,0.059455959387324966,2458292.4030603254,0.0007643199780562102,-1.6107687933533366,0.03118451944438721,0.00906391357743715,3.1,0.0507464655674994,2.2428073991027317e-05,0.06631503588600832,0.02736018310057448,244.7415866,56.7168798
ZTF18abjrznx,0.02397958,2458314.6368846395,0.002291953092400332,-1.4647523736748576,0.3261797474555071,0.025042675182834276,3.1,0.7013225599657744,0.0002782662820587187,0.2674629311080028,0.07726737694898612,221.290554,9.273517
ZTF18aceathd,0.05992377,2458447.0082590296,0.0012951851251942455,0.11896043189684556,0.010884787721459899,0.029323987046122563,3.1,0.2396539926994592,0.00010536483297396338,0.2842731252846258,0.058844376577829684,33.9240634,-1.1197677
ZTF18abmoung,0.06583611,2458348.0233270223,0.0002593898372549462,0.4596720999252033,0.45424602532068814,0.01095993313026715,3.1,0.21869692602194846,1.0133606692988542e-05,0.1862300824557047,0.034035066202146136,225.9380663,61.5678926
ZTF18adazbol,0.100762,2458486.952292032,0.0005774934198985875,-0.37331583149011566,-0.08712470207807566,0.02049057395535967,3.1,0.17941764066927135,1.9101485762261326e-05,0.10492605269116857,0.033231520099310935,135.6518048,11.4860013
ZTF18aaumeys,0.03654838,2458267.596977102,0.0034534464378461866,0.6592641301753855,-0.03287926755345488,0.008288759669457336,3.1,0.045223889872431755,0.00010120067494470215,0.04864155981959195,0.02713713117664464,214.3129705,59.2763668
ZTF18aailvrv,0.06212882,2458231.021294527,0.0005270264490905255,-1.70697261153082,0.16050588656124196,0.011408974486825327,3.1,0.08552026026882231,1.5939518159286495e-05,0.09331511728703552,0.029058714654870636,219.8886915,29.7113627
ZTF18acpeemg,0.07904774,2458418.091206268,0.001518387541884421,3.793676850989358,-0.3926880214536646,0.032320004196536675,3.1,0.003278146032243967,1.0002312825768087,1.0002317519741886,1.0002317023281744,182.2841611,14.8595556
ZTF18acrgunw,0.06524781,2458461.6984143686,0.0007325501257972347,0.7618238543501451,0.09185564310458415,0.014403130937651758,3.1,0.23600891488604248,3.117358785118708e-05,0.27937818452942953,0.03844617120197491,138.2021465,36.2281515
ZTF18acbxhui,0.07257537462759041,2458415.8390238606,0.0007061584860973086,-0.08314993051399058,0.19205250365631157,0.018280863382396952,3.1,1.5285348070319742,0.00012974492631416271,0.8873922001941225,0.09803396300526425,356.1883933,-22.5098604
ZTF18abcdzyc,0.05572366,2458300.15965998,0.0009584283564266748,-1.8533085161716492,-0.006949698523852818,0.010643323089203485,3.1,0.1414732278790325,3.282799566497508e-05,0.2438523014224256,0.032173066312353095,195.4404104,61.4654805
ZTF18abkhcwl,0.03164368,2458344.8295765403,0.0047303186598159205,0.10560113701453065,-0.08525205769856459,0.027932191813247374,3.1,0.04405444278381765,0.00014104563684231525,0.05492341683501758,0.02737190172996905,236.5296146,29.7334707
ZTF18aayjvve,0.04726618,2458292.6450882116,0.001493911680303044,-0.17090417004988873,0.06032262990912172,0.012626458439344554,3.1,0.04277669731527567,4.4746547062786844e-05,0.05868147021624461,0.027367424697300687,226.0692292,35.8150319
ZTF18abkigee,0.09507864,2458342.75074801,0.0003819590592115755,1.3208454002948338,-0.004238456669661465,0.029349899008832152,3.1,0.1735900726635009,1.4429291826591614e-05,0.2207101622600265,0.03452688235872506,245.8717142,28.8330435
ZTF18aaqkjuw,0.09656397,2458432.232326462,0.0003807785731056124,0.36512012243379327,0.13014609841083538,0.013170831045606636,3.1,0.2057410387787968,1.1755770944851878e-05,0.24289389431436423,0.031112757031311306,174.7937113,56.1362577
ZTF18acnbpkq,0.03586059,2458429.572583557,0.004039666266907097,-1.7427666793376153,-0.3203991904852441,0.023135134927348644,3.1,0.4924832093529403,0.0007471407512628107,0.750824245412031,0.12730684469831285,197.6763118,12.6769682
ZTF18abdrmin,0.05153504,2458316.4774589497,0.0011812098348825163,-1.382213814846841,0.014860516437009537,0.021441983310232657,3.1,0.1329610433895141,3.9975784793713776e-05,0.10588243540953873,0.03089698325552308,222.023413,63.2166762
ZTF18abgmcmv,0.018523,2458329.1699661785,0.002306520390493501,0.9606581015784886,0.6278446759050986,0.04036990111076799,3.1,0.028505104826763272,6.973943628026874e-05,0.028020906927710088,0.026793540243261964,274.0545202,55.590888
ZTF18ablmflp,0.0426961,2458345.887363752,0.0008902029267074235,-0.01769955071845722,0.274930728374231,0.011682897345113727,3.1,0.17731773131527007,3.191216875824793e-05,0.2510454277437646,0.031736155068178624,211.0965469,60.0244382
