SN,t_exp,A_r,A_g,alpha_r,alpha_g,mu,sigma,C_r,C_g,B_r,B_g,dt_exp,dA_r,dA_g,dalpha_r,dalpha_g,dmu,dsigma,dC_r,dC_g,dB_r,dB_g
ZTF18aailmnv,2458312.6582289916,70.08924415647577,143.19033238801964,1.1851490288749138,1.0000010611114667,0.5731822569203071,0.5000000000068621,289.3599857090685,178.48847441170432,-7.7256740044796715,1.022535658368506,1.5164380997252356,68.4302916775351,119.89329466593786,0.3660186289173987,0.31659691378532157,1.5259821635991941,0.5656915232141695,126.15337699127925,206.7602639795943,3.7678713706623794,3.427485881253938
ZTF18aaoxryq,2458312.1865469394,0.02741748528292444,0.024277655685073944,2.9999999999999996,2.9999999999999996,8.77635060393794e-20,3.8445369118604806,80.48270420175024,416.5210468785736,-1.0702953113676197,-18.125493236960683,17.60742410608363,0.4092371588929367,0.34277139807931184,4.204126327145706,3.9238273117227846,17.056542618917206,1.2328808129289135,97.40455209572345,183.28111965803205,6.194374551894168,8.535600800498342
ZTF18aapqwyv,2458221.0256343344,0.16690577915032753,0.09554585398600757,2.9999999996546087,2.99999999988032,2.156941239133847e-09,1.3160036612176622,461.67360527734485,499.99999990842986,-26.89601109559917,-15.888706382810225,44.035456704913436,6.302632405245485,4.223339238050792,11.057064687808639,13.468515004632279,43.53615698556734,1.983287665663586,672.8819432091808,75381662.18946905,143.045836686202,16.756359109965672
ZTF18aapsedq,2458229.523894626,21.609432812638204,29.548420150326436,1.832435171465916,1.5015415651967794,0.4789647627532462,0.5000000000000001,32.78092608733724,69.13241968164029,-1.8115115161828577,1.198563068462006,1.4589745519093558,43.446818621849516,36.005303834683986,1.1050355379689725,0.465464298152122,2.2338078446511545,1.3081833527651616,62.639647009486936,92.23513787434925,2.3948506515123356,8.71395549636625
ZTF18aaqcozd,2458238.886540775,67.08035400697831,68.06785318528694,1.2105009769091406,1.3054021732957324,6.597757716199462e-32,1.6542654866513025,0.0060794543979006315,499.99065837571317,-0.9509022655978783,6.69418492439119,5.465808536456954,200.8149639746361,214.7855667582455,1.0526128533697312,1.097156430961411,3.2880221310754947,1.5939854834531515,3526.557388655704,667.7949913232372,3.6983589244645554,7.752840997641918
ZTF18aaqcqvr,2458236.0617066687,0.9680126466508064,1.6690298572254234,2.8684107453691454,2.7231366298428936,4.932103340076393e-08,0.500050913827915,1.564723032150008e-07,88.19064321171949,13.108176045873156,-9.733762457465089,6.073292275966305,6.975374314887047,11.553814030392413,2.4398593928972683,2.3527093142198376,6.2507409300806485,1.2550807977589526,1609480.1272811175,96.63270107614086,3.428570226318477,5.861061935830777
ZTF18aaqcugm,,,,,,,,,,,,,,,,,,,,,,
ZTF18aaqffyp,2458235.5158112845,25.07556284987352,79.87568576812343,1.474944292300758,1.0743617118527626,4.999999999999999,2.2204880503806264,434.7452855870537,0.0034892063296002107,1.0474126241383719,2.273404745284182,0.2558776392362103,71.4400098028725,30.018002532415988,1.1559596673167611,0.152134993463876,26.15969878635675,15.1813805797024,6873.129950467705,489.37812558960235,2.6212840966722037,3.564621197929949
ZTF18aaqnrum,2458232.187481907,0.7306102442567088,0.5097342845922614,2.58132181184729,2.772169191932889,0.7561348417881258,1.9408668985812105,1.0503613526775162e-07,176.49403735949994,-3.72041553955646,-24.984601627179323,49.01716400984397,96.76827828966053,27.309235626443176,51.17078260791288,16.90420003868772,44.23092866430549,2.841150579807639,95.94807454882232,485.6017668623764,4.791722702259414,16.47320428928158
ZTF18aaqqoqs,2458242.7791490313,49.15181372158231,47.046128777796895,1.120567749274675,1.2172325219752451,1.592619992888493,1.080987483685106,18.449789518144055,89.52853573655548,-7.6654781992622985,6.7104464587670805,1.0737969739927435,35.452099995309,42.00286737211481,0.30700461071413687,0.3885226803662559,2.0913519042201374,1.0690132125419864,71.60666857464251,81.37634487538855,3.5514104797644293,4.8857055815887325
ZTF18aasdted,2458246.7223343514,157.82051045463172,206.420492118122,1.8055292079838756,1.6883114934532866,1.487470923030114,0.5000000000000001,395.18047945846973,278.3318097422269,10.53438607284455,-1.5788486454184556,0.44674857597300577,52.07783843270039,62.7917304246718,0.11025376350743361,0.10085413792981299,0.48087414337681267,0.23690271631068907,231.15525037696688,201.17328653955533,4.904711126611029,5.976783623305671
ZTF18aasesgl,2458228.105391291,0.39036688847642204,0.23053422602439402,1.5937905382035558,2.281592664782679,1.8120752349425309,1.712882463837215,243.76891668633914,293.8459998736287,-40.99829175840426,-33.12756832414046,22.183532960939882,8.945598505445943,3.0917125687194016,8.03241104954262,3.753886894182604,21.701541912967112,0.55080318950865,386.53045734296995,164.72942871018788,7.957554726407531,23.83349737731463
ZTF18aaslhxt,2458246.9652940794,98.75613385070179,107.44476390279513,1.2522290879588842,1.325256552067467,0.00011897148182065873,0.9132849588094458,208.4363098451268,244.04753808770502,5.540830766493748,13.112673791645447,0.47612141421366017,24.49751191310568,30.635343669052023,0.08323086090590735,0.09933934727958414,0.22518142734858274,0.2532544509588813,72.1372555697143,74.96036013520877,5.893805110739506,3.851721477335883
ZTF18aatzygk,2458247.4034290807,63.5817161917227,80.45264220774646,1.174110668575427,1.134292366426917,1.5433485352511385,0.5000000011752108,499.99919894893117,2.217449274631454e-14,11.440762516482303,14.259193448537589,0.22840984465535846,12.11942776755916,19.82500110815218,0.08426507221039864,0.10763860065250767,143.40624922592008,32.53226421192267,187579.1490845891,24.27054345995711,4.968903325672554,5.399077830395039
ZTF18aauhxce,2458249.2171881194,17.084765464480373,27.672780244631436,1.4120281057771356,1.2512652405011104,4.999999514987649,1.513998348359536,47.21536701916335,0.0029897904466152166,-3.229626874629885,5.158637313011112,22.86544797645063,175.52907834530052,1293.5244396779403,3.0651573626362927,19.422875502323677,40.0965976866543,19.074093473373114,1290.3881235118258,10567.723284787651,3.6551139347677406,3.972102347409235
ZTF18aaumeys,,,,,,,,,,,,,,,,,,,,,,
ZTF18aaumlfl,2458251.559309712,80.66131623951115,84.64201755912185,1.0000000000000002,1.0497373242593444,1.696068135001598,0.5000000120816984,20.01492253255035,63.14221199456722,5.738068152891918,13.262713399243168,4.919439997517197,202.82044163088682,215.70786482568073,0.9386668215640218,0.927635905833134,35.900384519954805,15.036789751813062,923.3793250677262,2297.6370255357333,4.355168621771994,3.3154098567072845
ZTF18aaunfqq,,,,,,,,,,,,,,,,,,,,,,
ZTF18aavrwhu,2458256.364345908,37.036902783326006,23.98811527001803,1.4769039684015115,1.788343866081482,1.9330462765934462,0.5000000000000001,139.3378917666232,201.53803816026448,-4.952865232049796,4.241060799009951,0.9788660232926076,25.455929162362896,16.96520884133647,0.24366233165767084,0.23647237559232423,0.9885643298829287,0.3936908404559394,76.26771457584665,85.52741684756089,5.279587481307546,3.5755377285970575
ZTF18aavrzxp,2458254.425108359,44.28718788505988,20.76574127043586,1.1870811830153536,1.697401692959419,0.003333541178247141,0.5103183135783403,185.60972757237613,1.6950521130493112,0.19882940849486586,25.76112512856209,2.4563010333605377,64.88417524452358,41.65103924612531,0.5279734325660185,0.7147168847984837,6735.260780263854,1274.522771918106,3700793.7867663978,34863.867790450844,1.9168122397040916,3.4562128985995395
ZTF18aawjywv,2458255.3575747786,83.41359117995968,7.318862329698361,1.1157336186317965,2.999908191644398,1.348852801602117e-13,3.999999999744223,117.1110502147097,221.1217920412649,17.32530486765962,22.12480234417128,1.1515706428858485,106.07848691366095,142.28838458780282,0.8838532342013518,15.438716317496029,12.912012981710717,7.464734056168037,440.48301763792773,592.2388168718514,9.872213634701733,6.372464886524827
ZTF18aawurud,2458303.6404965753,0.47493411875204844,0.281852408735586,2.8584992988473243,2.9999999994612057,4.6096765092865953e-10,1.7565002225498167,499.9999987199849,0.00013827405577896898,99.99999999999999,35.99775575288801,1.8311691158830148,0.7965742943019463,0.4916070489609676,0.4970172081539057,0.5155384714667449,1.7980394408280789,0.3815898740279787,106.50031418491706,60.773354744336956,6.064216239204173,4.546639503895121
ZTF18aaxcntm,,,,,,,,,,,,,,,,,,,,,,
ZTF18aaxdrjn,2458265.972109843,218.45226650691316,435.0227018859031,1.3885236082040746,1.0243602798077243,1.226798866260382,0.5905732944313348,497.1676672521873,2.305599770162492e-06,3.8119691421781154,6.020909874131318,2.5842395125552984,431.64653647874474,701.1604155890988,0.7763813770995694,0.6817639573248653,2.830054365919841,1.1859987310584883,765.0353780164403,504.78836200466327,3.5415847853088787,2.9597924941221816
ZTF18aaxsioa,2458270.591581887,162.90710425020896,151.9575373286183,1.3703989117951385,1.3556272169660135,0.636517817088346,0.5000000000008837,249.42136500031296,2.0089975073475463e-07,10.734560109126551,-1.3818741238805086,2.8037662357638493,468.25570080584595,430.8012230606269,1.4389535337818244,1.4200908264004146,2.851341382854681,0.3661639416083774,379.11623437108585,399.79318127667096,4.6315231827712235,3.1187964285394942
ZTF18aaxvpsw,2458270.6296463483,16.455276191933084,40.71270536156146,1.7779038869659058,1.4160872123869992,2.3561019951473536,2.7041119923172756,499.9998952044579,2.6517262980105133e-10,18.10665178169428,-2.1746618414421217,1.5238965369385102,34.190140719007886,27.97843003162314,0.8653100343103096,0.2174306826702401,4.288775849396795,1.777524018455868,715.1552693201562,410.0173109417184,5.5905790993227,4.766595015636628
ZTF18aaxwjmp,,,,,,,,,,,,,,,,,,,,,,
ZTF18aaydmkh,2458271.7624596027,44.160150050024846,37.40594868777042,1.183809223299244,1.2554954442849884,0.06026098296042304,0.5000000000000001,141.88895414818657,138.51013759620872,-10.75142731584383,-10.333441009887997,0.456323211426173,12.909873837916788,11.739012334516742,0.11062462255099663,0.11875007934061894,0.4045436223932018,0.10592255745025145,51.93708553701115,129.68228733407705,5.963529895690456,3.4493313996889086
ZTF18aayjvve,2458276.326915695,149.37281999422396,157.5920177782331,1.2076558900439243,1.2266060845374707,0.05619224026840637,1.132950733968148,463.26552666475664,372.89288186695245,-3.218241074111926,-3.0327372229210776,0.27834350520106915,24.48422882304312,27.651095052307046,0.059788013616206837,0.06575640316322115,0.14363746563655716,0.09088385689433269,83.0225329721716,76.78698689138433,4.133618337436342,4.300651431460149
ZTF18aazabmh,2458274.4454557365,43.83885286183945,44.513710762416814,1.2531539494200095,1.2884517004493734,2.42303775872498e-35,0.8859047988193106,403.76197828780784,400.8048463350344,-3.321000562441137,-17.785897633027286,2.095721652782491,55.0203197911052,59.0711605958782,0.4516137310385709,0.4859759972865093,1.744243320452937,1.0043070759238075,674.5659022046077,733.1607241815403,6.69677727583524,4.056773132521177
ZTF18aazblzy,,,,,,,,,,,,,,,,,,,,,,
ZTF18aazcoob,2458270.3274680194,1.4504458230657418,1.1408902195360247,2.232924797502944,2.402991761278186,1.5775103408189813e-10,0.5000000000000182,2.433052443787086e-23,499.9998161235839,10.96316888085379,-10.838628168776063,4.174159434396643,4.345512382383952,3.703125438975086,0.8917812434757566,0.9817477428026083,,,79.23581919200625,,7.987269461029206,11.851498458112287
ZTF18aazixbw,2458276.766766189,64.70183821654157,19.6447234023705,1.1277893625423983,2.759043726850623,0.4596146277115651,0.5000874307541804,72.37949295343451,59.06438836141423,4.820773058860661,-3.6147041961352766,1.5890118412777616,227.94147165561913,173.6680312096806,4.112161871391663,9.829517762419346,2.3441013507249515,1.0707522094029143,192.5131146439986,141.61138680677047,4.513652810459014,3.8731494105724837
ZTF18aazjztm,2458275.419110116,10.678478791218334,10.240486786506057,1.9100765137864224,1.994391701178141,3.8242988431272797,0.5000000000000001,58.235882835767846,2.2248104786177644e-36,15.87331724761088,46.9023149089083,1.4579227027823394,24.181580452751746,21.380664055593464,1.0445014535959214,0.9319995044284668,1.38989549049007,1.2539266809936616,60.74544764662168,31.75710816513101,4.137057443709792,3.1238328843136656
ZTF18aazsabq,2458279.8681078036,97.85987658235904,97.99925068104892,1.1882837104128565,1.1991650402056067,0.16502815900791523,1.2896664728200968,378.5142060056725,229.37331936230004,8.607248799216215,-1.963121365332064,0.3594026569244798,19.916091108375568,23.42218493188858,0.07805210063071091,0.09423364506896514,0.19934188489100854,0.1338676444899637,72.23651235244087,45.94049729392825,3.1940662836516593,3.243707961765207
ZTF18abauprj,2458282.701406892,101.24556202134204,107.28003520698277,2.04885488360963,2.065953801676278,2.9785147657156562e-24,0.5000000000000001,4.8939749355539006e-06,7.503512668325369e-12,-7.006221191211467,-5.717868900420248,0.07715361464371388,9.732267364484724,10.625608082521683,0.040645393642136055,0.04109689830899218,4964442.940411075,3161128.3133863434,27.661031433509212,14.969321872295144,3.932926799701394,3.0076085668013994
ZTF18abaxlpi,2458282.32183964,85.39776229835417,80.26362408830984,1.1057366653480027,1.1489648919752438,2.700885162224315e-19,0.5000000000000215,84.98293829425789,78.80154420914607,-1.7978051382825686,6.942844153193264,0.23236100939039264,12.773144289843632,12.481197179245726,0.05748359191722301,0.059552608905891,0.17732571980127843,0.3120789962143494,21.523673219517732,19.168910719263266,3.306537520454757,2.898545976964597
ZTF18abbpeqo,,,,,,,,,,,,,,,,,,,,,,
ZTF18abbvsiv,2458279.157986657,1.72150011666858,13.286462985036302,2.981773351684469,1.8780723580217449,0.18785819293823633,0.5312175088822626,192.63594737641128,50.772149867038465,-11.101899999809657,1.9327056394701183,,,,,,,204022112.921989,,1517286107.0993626,12.19336683127751,7.862997585215534
ZTF18abcecfi,2458284.1564542726,41.11168595078486,40.70230515009907,1.1432969636219494,1.0404401128980691,8.962630461108498e-16,3.9999999999999996,183.4032258510933,3.629843763166563e-08,15.446706084358928,20.3803479129043,5.038657624340271,343.4528249179739,283.2510462722663,3.765417505011141,3.8254357986942855,163.7296728711224,86.27191101175053,7224.965220942307,665.0102359813485,10.644730220829668,14.875219847024196
ZTF18abcflnz,2458288.208633715,99.6633424431932,87.1345771630981,1.759871816533893,1.8828929559315923,1.3152901350836186,1.0577246123221153,499.99997557023266,357.8735374640058,1.1531852048181825,-2.688153574835773,0.28313299780494755,23.573823029868805,22.559914448826202,0.08535944677085348,0.09462580715488646,0.22785481354806292,0.07129924279648081,86.47341795658448,78.53837802648404,3.2835439603433456,3.094840582426427
ZTF18abckujg,2458286.7816719553,77.38822302252537,70.21571378166554,1.1186710507480015,1.220475490520989,6.574559851925257e-16,1.1582785008126886,211.4447845349904,114.99813644276381,-3.8270385362036214,4.480874947612091,0.5681996192967494,22.172821518440735,26.383718381074946,0.10169801524828076,0.1418298509271644,0.3143510525101452,0.2490036292840542,79.90057918413211,40.716681404253634,3.233884819979989,3.265648714964606
ZTF18abckujq,2458288.649477245,136.71408384964712,51.40291066162464,1.0842111226278441,1.8283573826446144,1.0375255439885427,0.658402300409707,314.681167747782,499.9990363270788,15.847186450693467,1.075551643890386,0.781894815854726,56.246355686419534,47.87070698323559,0.15374744602597773,0.41043388017970955,0.7812765708340821,1.617526096138531,1090.988185929463,1627.0334767457239,8.27970851665858,8.58992536806356
ZTF18abcrxoj,2458292.1222828985,410.93321970178846,360.99008907467805,1.1263207505999033,1.2444252029102927,0.05087350262680966,0.8326652465948009,499.9999999983426,492.4555227231024,-9.247885376677797,-5.781619995104351,0.4182688678813938,111.97489751167639,104.91349554440488,0.11025537837631423,0.11077722131310186,0.11722948120681462,0.15648028466800784,175.03317634993897,175.64071837999535,3.3578041502038842,2.9632117280711214
ZTF18abcsgvj,2458286.7469735737,13.075233315777915,8.031466959884598,1.864099688851094,2.0897111906016983,4.487759884519971,1.177545734603982,96.30425040537114,2.5108977085163653e-08,-5.220841959355634,16.818458278713695,0.6984399128726475,7.912713994342597,6.835768747471234,0.22695042601657223,0.33612378418049144,1.2727525249499378,1.1275374649332142,156.44183260776873,71.36284243753718,4.2399342547166325,2.6325375019021293
ZTF18abcysdx,2458291.101462013,63.813868768621944,65.34119517178992,1.045934282792175,1.0000019682312822,2.3762010836889947e-09,0.5000001732580237,41.99788057958727,30.260504280235587,30.723535657221774,10.439092226824421,0.6388417731457491,25.334278740235657,27.17923649818214,0.1486423182052105,0.1608243863879265,0.5532377326034568,0.474704202528827,33.80630812153802,26.712770944701646,2.875439825828694,2.661338008587562
ZTF18abdbuty,2458291.8392221336,44.38683064924019,64.24445832597421,1.381499777729642,1.2761629821120548,0.990616721817801,0.7644457926426306,92.84212201792703,42.92570236630812,-7.665333737809062,7.658768335833237,1.7699722895981842,59.41648938307242,82.41256001996248,0.5189680834269894,0.4999061827777417,1.3920761602183769,0.32649685986317334,86.59815103021779,116.27460254918216,3.808957422660913,2.660283942578845
ZTF18abdefet,2458290.9645790635,29.771047305905704,24.636450674741393,1.3867998242639565,1.4439714491667939,5.4757969439874765e-27,1.7369716755312834,152.34777304731222,79.96679829365142,4.252078095233184,-7.146849361857146,1.0271251242932462,16.50888044916197,17.234660154976496,0.19169336243979276,0.2519439209436344,0.9311918114822132,1.091280558809704,122.58226012112917,90.79445606607639,8.472529925442373,8.6655042323504
ZTF18abdfazk,2458292.1833385406,54.44939809012582,82.89350488438104,1.2739802475150646,1.0000000000000002,1.0499535617506996,1.9681434736463526,499.9999901138196,499.99999429969495,3.2695677726861105,4.3081896304039695,1.23344991944496,179.0877177697652,240.60856680136104,1.7838149802546812,1.5626448261977999,4.445679794555189,1.2058193474439038,864.4726191385897,1125.7218409574546,3.1579594790686523,2.975623225174943
ZTF18abdfwur,2458289.4545994964,4.104864095406969,3.14753361831174,1.9500992572038178,2.159290776108615,5.3541484530324655e-06,0.5000000002524623,66.73679685727556,49.970894929274706,17.447229543813208,3.583310811161337,0.8250582800164102,2.4421640134335645,2.1254649241787806,0.18640383264230867,0.21679616599154053,1.707358512505252,1.13357646649694,394.6486043077992,222.07186390179422,3.6238489306848125,3.512265364871282
ZTF18abdfydj,2458293.6215321566,28.46645460854896,38.40261053153558,1.4756112417548708,1.4390127594733289,0.21714891885920032,0.6121633893412964,54.138832985122455,108.73691117999907,-1.28369517398705,4.154959447831374,0.5864478512867624,10.766712333236896,13.018175402676192,0.1287218111568728,0.11181075897975147,0.4687360481140173,0.19881453408830846,35.42108810990037,54.405196628858334,2.7007358206350185,2.5312116095172934
ZTF18abdkimx,2458298.1409350256,61.62614438618862,81.53920464829342,1.1256427120388905,1.0542375335830712,2.0463634016366585,3.999999999999996,499.99999999999994,396.9589532153373,-5.4491893543850285,-0.6931412096424747,0.5196904724732901,51.48420190241159,49.584258521965886,0.3201230349002959,0.23293279818446802,7.061908836381047,2.7611029002364047,822.8131002983447,699.0391120734846,3.3387875682995674,3.1254088045796204
ZTF18abeecwe,2458302.326244096,110.50139777258109,58.38675002401473,1.0000000000000002,1.5941155062524204,4.999999999990519,0.5230349809873285,498.642837983393,0.021446744126281864,3.175913111282779,10.161012363181564,0.2632831786427119,24.343005024813866,15.289089967363578,0.10178214462216326,0.10773480495586547,0.3521071635976335,0.1888290974788661,263.3669659683504,28.127799366916793,3.5747232743927575,2.777384120705862
ZTF18abeegsl,2458287.85739479,0.1151971689606694,0.012097485998534526,1.9979105073718426,2.853919414130101,0.009430033281901779,0.8926124526432561,0.00031990561966438187,38.01924211546816,-6.148033319638082,-4.740837615024915,35.44078473686335,3.2660786033979035,0.4726574686386604,9.141567326163495,12.631644705995692,35.37704671286067,1.0344328522735442,23.189782298856148,30.15389991494812,3.1439981703040702,3.099595583198897
ZTF18abetehf,2458301.6898403503,25.20347440074968,22.8890843705047,1.0000000000000002,1.5185555390606735,2.955681403349715,0.5000000066408461,37.285371475371534,24.400770970435346,18.868368428783086,-9.106916383613108,2.046885790220632,103.89381895991649,70.75915780867831,5.508501380073128,1.6899254307710578,3.358815337267793,3.23210327302437,664.1212470058834,250.88791677867619,4.340187267990192,3.1628887348567436
ZTF18abetewu,2458288.5720432885,1.0333842220870837,0.02204683514692024,1.2250066712341359,2.9999999999999996,1.4695578884112853e-05,0.5000000086231277,57.374848772764416,10.984927553460526,-5.013084829111284,2.8895862757070385,23.204401507487507,12.246212750295946,0.4467751055773681,3.906901245021255,5.820516226815104,22.76500765619961,0.6731257798391561,41.04543135387304,14.788390999427026,4.015476771809132,3.0113703397661373
ZTF18abfgygp,2458306.5837116684,89.14626682969592,114.78034284763612,1.1654418381940168,1.1208181611964627,2.511259594309076e-17,1.2384704978686119,347.45895342234667,328.7221247977189,-3.5912503549776003,5.0751763762831,0.20682064409135245,10.317066728715048,13.016637111776248,0.0442284704315882,0.04241944726157577,0.10609251887960156,0.08331815798478776,39.12285264964098,44.675567873335645,1.9256265719777537,1.7789506183407175
ZTF18abfhaji,,,,,,,,,,,,,,,,,,,,,,
ZTF18abfhryc,2458306.0053888503,24.8136509829982,9.425228734868593,2.3531689088821324,2.9999999999999583,1.4538679918680155,0.7227453747784052,499.973025162024,499.9770349201395,-2.1489047703175337,16.785744106035356,15.740756615464793,565.7647484112277,273.66473012402327,9.613708619885946,12.269517499238034,15.80406654464633,0.5022971875847145,562.8666565348846,367.6479867505441,4.479611559372516,4.696440279002173
ZTF18abfzkno,2458305.6016123043,38.97907663117919,24.60465900387756,1.072875906041189,1.3333766445817405,4.99999999130731,0.7804628714071341,6.912281849012585e-05,104.6353293784753,14.245715348650354,23.019900384867686,0.4573972822413615,14.752658542043019,11.904657281115083,0.17002283596687742,0.21005997502915044,2.411843876258493,3.0407301013834642,114.80890985861919,862.0386496919674,2.7689893943811383,2.6366121149288158
ZTF18abimsyv,2458317.6761761913,84.9563260738249,89.22858098328956,1.0000000000000002,1.0000000000000007,1.9585063440042952e-16,1.2468745075174557,306.5396574965528,300.35155867684097,-4.752910313839564,-0.4800168339728153,0.21936867713208302,9.709140597169066,10.002276931512244,0.044249994685758985,0.04355154356744739,0.1459189493275231,0.09394115068537963,37.63042186326798,40.672219699066936,2.134386796120012,1.7671512557934435
ZTF18abjstcm,,,,,,,,,,,,,,,,,,,,,,
ZTF18abjtgdo,2458316.8161623357,0.5211988595794811,0.592383188384954,2.9999998726116064,2.999999999205426,3.404730302904312e-10,0.5000000174086494,499.99970125036515,41.91771069246009,3.434725585106075,-4.836659925196309,18.60339749372941,14.93182477653251,17.464180875316917,10.875908861580362,11.36418201119293,15.959400579339427,4.614271110786284,26012.814732866715,2181.5618467595964,4.684103927843828,5.101656857085163
ZTF18abjvhec,,,,,,,,,,,,,,,,,,,,,,
ZTF18abkhcrj,2458326.9492090964,264.90968079477034,117.88849960578001,1.0004844324312963,1.3579195784677158,1.1711584384907144e-08,0.5191767046967269,36.691196676192945,146.08429681241634,-2.817944970135293,5.4308157665767505,0.4328591980549135,71.18380789111578,38.893688405722784,0.11327084359720632,0.13209528276111354,3.802683156830231,3.9909389511500026,187.06359454430276,319.801230805758,3.661366931741357,3.0927767087053444
ZTF18abkhcwl,2458327.7549551236,189.3972099461747,197.82120250210576,1.432681531392308,1.5244584956952654,6.847130897060214e-11,0.5910266184375967,242.68846994050588,490.8010078213134,-4.0492108801569735,5.236151169525633,0.18010462281278586,25.299904079790807,29.221872874301994,0.049612397380247406,0.05628770242865048,0.8443700624306697,0.515942662139917,200.6043918145512,525.882081342866,3.8466921722986265,2.819363968373375
ZTF18abkifng,2458328.6538293585,62.14929855534384,93.93128169316381,1.1597968877910354,1.3527718251356173,0.34488562189052796,0.5486428867270479,167.1665828676743,92.75033120369318,-24.103410202189423,48.39381636023344,20.643574664879285,1132.4737029193493,2342.7286137596348,9.325036862576102,15.835961651064434,20.020044466046,1.3556087587677454,1126.0493017749943,652.134421511303,6.668075702371921,3.318166303554618
ZTF18abkigee,2458324.4037882406,26.51474267458528,1.1621172588368307,1.2564543125160421,2.9897930994074935,2.6117000855596806,1.8356954922987743,2.0116356587232974e-07,499.99999991017813,10.108749719419812,7.138421253387986,3.0562745827119944,46.52814442830845,9.595711524682553,1.0761545582700602,4.00640535683191,3.804210373567794,1.489087187017581,731.4960158106212,674.6407070268219,3.5994458894979657,3.3887108668623913
ZTF18abkudjo,2458326.2400419964,30.013953319358983,11.030022691426186,1.2613598785708389,1.723624086014838,5.271361663374051e-08,0.6874917690068764,4.137726287319304e-28,387.57653993194316,12.535752442063963,-0.9318976889722281,2.0632924854993857,32.38917675879257,15.093379947337827,0.3573145281215052,0.43983775370540285,1.925435216338391,0.2333192778369355,67.166094803703,212.82446869093462,6.008488148390428,6.004928855547438
ZTF18abmmkaz,2458328.0005903044,0.08007074044523826,0.09596064302607744,2.9999914226644298,2.9999998436546984,0.00028940765031656556,0.5000000059925449,53.955850811069055,121.09310988302,-2.975386940382105,5.860179728053431,19.986131762140683,2.240563638382943,2.5526624327642913,9.481005606094076,8.88468440518904,19.580135150176368,1.4238257289003642,282.56981757292976,772.5974611351677,1.4388976822402053,3.029416542408473
ZTF18abmxdhb,2458345.258560071,82.76316695661946,87.39872209971074,1.0000000000000002,1.0618406230305084,0.09175058665374039,0.7162884591875628,499.99999941041574,271.05585822941157,-1.0126267736510994,1.9311945604641896,1.3060288442729537,48.31189518882918,60.613639904723264,0.20188464592372327,0.25694613681404066,1.0132098165602959,0.781190934872284,1613.5470967300591,922.9214133923768,3.1280006240366127,2.9070829675129155
ZTF18abnvoel,2458345.1379453996,81.66708779903206,80.40140760488316,1.1445204083734326,1.1853558020430046,1.34338612715729e-36,0.8884080452981036,499.99999920100385,175.02207499910423,-5.735407885088577,-13.743165641825314,2.294986923630689,92.45401920465216,103.67860418095366,0.3839059944841113,0.4641928815656706,21.147910431209542,43.2491995665298,46248.79859453208,14739.147399943146,6.571233928242793,5.610724873504067
ZTF18abokpvh,2458349.027665489,72.88153252957864,73.63952520950006,1.0542515432901383,1.0021456031521176,0.08008436349482392,0.5265874582762636,61.48559430082074,60.289580400193195,9.496756800169178,-12.19215953491148,0.43716211561553414,18.453420606737723,24.251936625060473,0.09512034280909977,0.18514800367952436,1.4530251726056755,2.0530435016338755,76.43287173175138,125.40714238769593,3.2909097303517174,3.452318621012997
ZTF18abpamut,2458348.649178361,47.987355483158964,21.698285714332474,1.0014193155170823,1.7514440603918915,1.424800066783833,0.6124165101295679,3.7485491468752627,94.9128654762553,-6.5009322253797075,6.84674816754338,2.7509837136761686,73.34476535905428,72.58228808542842,0.6081348217914567,1.6871715239276874,3.050699567831075,2.8401214199581353,86.99133063258282,228.47819402742272,4.028929522545863,3.7183675022863794
ZTF18abpaywm,2458351.6768823466,132.05375730004832,85.46790737977476,1.1508784557643754,1.3213095191330562,9.384807973124705e-05,0.642879048184431,194.48378580732992,152.6303069296095,2.3024978589307596,-0.2630234149448528,0.18156656124508205,15.87327148362041,16.33791902346577,0.04635387196547782,0.07757589338946859,0.12564067962551964,0.06254926344932212,28.927943366373185,27.657832494132027,2.065838544098115,3.601448951980318
ZTF18abpmmpo,2458350.9919065787,95.89582675774702,117.61403465319954,1.009289250440391,1.0000000000000002,5.6705939773603524e-09,0.9534064257049351,215.6706000885027,181.08530740837372,0.6954680170263712,1.791870940389775,0.9700098186595687,48.03574706648048,83.0165707776609,0.18407211454082487,0.6161624631380016,0.47922245637355265,0.3125507461531231,110.57386435645932,94.23739780754089,5.001561203082434,5.087265742339325
ZTF18abpttky,2458350.707795299,53.694785891064534,27.59290476104999,1.0004298521020836,2.1266957048262345,0.7436497430986989,0.9038498671191982,127.41741843717898,142.19537632908742,6.463179333251628,-2.266156345826796,22.586196558909126,1600.6675527374648,1686.7261785960666,20.36370339768689,49.949740114993766,29.83402028157116,4.923989580417933,1728.547375734523,1852.782590447583,4.361937569040901,5.138881491897854
ZTF18abqjvyl,2458346.5877655665,4.054899958795018,5.925408726983079,1.9988499269572684,1.922949302960861,0.010781502157850134,3.2592908784091277,85.59384188546413,0.20186124864684105,1.9161577315737892,7.33782961549927,7.3849681638769304,23.29836732489381,45.13501942202854,2.059868472430702,2.954046751822964,17.20441548808647,18.026562853822636,507.837063828178,144.95269251109002,5.551341590081679,4.504706896401735
ZTF18abrzeym,2458357.603174477,67.91707366212846,55.71988712302413,1.1594756620314817,1.203370649834602,1.0671713564876903e-35,1.0509489926886924,185.2315096779649,1.2150017360802388e-12,3.0866014801841177,11.05380526456183,0.7084360561563028,27.760410646107342,22.479108350263072,0.15017489708712664,0.1438155946320296,0.40291591879148214,0.2606537596737006,83.60711094222123,565.5161973801534,3.64748043085471,4.674988360414725
ZTF18absdgon,2458360.635562581,93.86137665567024,87.91986678614815,1.1973027253556812,1.1580291489586594,0.4913925085405408,1.6621747990119458,353.38321367563583,199.06517090761898,-9.878877605425862,2.940610053898009,0.559903998922585,32.395342751509226,30.247854091388458,0.13362029153106397,0.13336630194270852,0.5066728234164305,0.44329939300288645,122.64109104249675,101.66262781265925,4.003758356486901,5.272059596927732
ZTF18abssuxz,2458363.6223830907,161.51884529829906,140.40380854072643,1.0000000000000253,1.062626249246413,8.606286545691035e-15,1.035751375786487,329.6965792909793,405.9008156804121,24.787004109570997,-5.033716116113865,0.9351917314797836,64.91146304163766,58.777664787460346,0.13471365811459743,0.1388617959800208,0.4705829617828551,0.2784674859671143,256.36003535681175,276.95898238228637,7.128782732101833,7.23174092235618
ZTF18abtnlik,2458362.8546031234,19.671370538195916,14.716385398228683,1.5707710733930949,1.6819870312955105,0.20179287837553214,0.8554998606174142,29.095251452601357,39.53751318419683,3.281113646637183,-12.08600219541751,0.7886901275253996,12.003144676255141,9.257869131736836,0.22177299889526614,0.22487441611793288,0.5368938095584028,0.6560934566605775,37.71699560669386,36.94864676409035,4.400384945648555,6.19241541055161
ZTF18abtogdl,2458362.8508113245,20.405046068612926,21.596722676801647,1.397945202795367,1.439014398306467,0.5240172903516694,0.8182061628627226,63.798040713272265,77.00606282624831,21.50387276503913,-4.677540510917573,0.695953424543086,8.76173000358937,9.44716438204533,0.147127383318218,0.14889566480422436,0.46573341711915656,0.24570689572139678,34.372729661724,35.48045362953621,3.739331232417556,5.341174892308913
ZTF18abucvbf,2458368.646388758,95.38316690260325,115.8789412322258,1.3259745114785737,1.2967696645824736,0.04036093199693882,0.9974181175121621,297.0310854922721,287.23446148839884,-14.82839919141476,6.199033889042893,0.24955703925784298,15.693966961218505,18.834769268764042,0.06018049821200439,0.059108607323831046,0.13526798341926483,0.09414555100479564,37.21028583088867,52.83468586280214,3.5945514172673945,3.527648208622859
ZTF18abuqugw,2458370.4722795626,350.7360471457476,293.7184471749605,1.3960992985211498,1.5400185210680675,0.18626487941211237,0.5979489497213939,443.3205100356812,499.9999997547524,-19.259259128905992,-2.560053994079161,4.287710687482877,1502.826176286326,1361.5038957504187,1.996871692557092,2.133421680989026,3.140169974564428,0.23812894827975545,1274.3511640502659,1327.2492746595585,4.283555666612389,5.0540404308312175
ZTF18abwmuua,,,,,,,,,,,,,,,,,,,,,,
ZTF18abwnsoc,2458373.417645063,37.470944223974335,38.05213770355787,1.1291474038361307,1.1845723072999494,6.241131842370063e-19,0.7858105054500336,90.16517014461144,38.201056710055575,0.23320514492886926,-1.9301040690671976,0.594961932535517,12.776323651482256,14.336114730528319,0.12574769441308734,0.14024110296716208,0.3512298799951802,0.2700180110890605,40.15404157731848,32.023561475258596,2.98984777531325,3.372283181266971
ZTF18abxxssh,2458379.180238671,67.95529132016334,78.43300398955122,1.1551403781853005,1.2176085474022467,1.4990299330066217e-08,0.5000000000000001,205.966656140087,336.8388000224539,9.642982787497976,1.6747994888818427,0.39627703768596406,15.169704607263961,17.635042806644297,0.07806766196412918,0.07722347184165466,0.3564398527710661,0.14100129662397268,27.350623968788558,31.966652654972275,2.566432432165436,2.6384341366477386
ZTF18abxygvv,,,,,,,,,,,,,,,,,,,,,,
