SN,z,t0,dt0,x0,dx0,x1,dx1,c,dc,fmax,cov,mu,dmu
ZTF18aailmnv,0.08034199999999991,2458327.791526739,0.06945250811986625,0.0007905641667603353,8.303884224333813e-06,0.4653215308154269,0.09765457890271578,-0.0797793359469511,0.009102144912838964,"[{'r': 1227.0794208132636, 'g': 1470.4619090731462}]","[array([[ 4.82369802e-03, -1.57077947e-09,  2.22942445e-03,
        -2.54260421e-05],
       [-1.57077947e-09,  6.89544932e-11, -5.23184948e-07,
        -5.13472765e-08],
       [ 2.22942445e-03, -5.23184948e-07,  9.53672060e-03,
         1.71778009e-04],
       [-2.54260421e-05, -5.13472765e-08,  1.71778009e-04,
         8.28513448e-05]])]",37.83938931401032,0.10747820974334615
ZTF18aaoxryq,0.0941320000000001,2458342.6037196857,0.06742877536453307,0.0005088027208820164,5.4488895599481835e-06,-0.2494041893456544,0.07857802816062712,0.0038816207507967057,0.009050109310615142,"[{'r': 814.7765944732485, 'g': 824.9541364365937}]","[array([[ 4.54668016e-03, -6.98408970e-08,  2.28236136e-03,
        -4.49676586e-05],
       [-6.98408970e-08,  2.96903974e-11, -2.65456948e-07,
        -3.72528596e-08],
       [ 2.28236136e-03, -2.65456948e-07,  6.17463367e-03,
         1.31662177e-04],
       [-4.49676586e-05, -3.72528596e-08,  1.31662177e-04,
         8.19067148e-05]])]",38.046694191926925,0.1072873320801152
ZTF18aapqwyv,0.05606,2458244.8231866625,0.058618557872250676,0.0006605204543396817,5.576853786833091e-06,-1.9059936918370224,0.04556060092933367,0.17627620628779386,0.00789420269122193,"[{'r': 1309.309575819326, 'g': 1150.2764943379918}]","[array([[ 3.43616771e-03, -1.26546764e-07,  9.92679693e-04,
         1.64990582e-05],
       [-1.26546764e-07,  3.11012982e-11, -1.12898657e-07,
        -3.09569234e-08],
       [ 9.92679693e-04, -1.12898657e-07,  2.07578326e-03,
        -1.30658163e-06],
       [ 1.64990582e-05, -3.09569234e-08, -1.30658163e-06,
         6.23197722e-05]])]",37.090411114897755,0.10450882387262556
ZTF18aapsedq,0.07245600000000008,2458248.3934308416,0.03977333684451878,0.0007883363670569965,3.380995864291081e-06,-0.3120927641379606,0.041914218691034205,-0.09401703904556284,0.004713561528322738,"[{'r': 1229.7179800996132, 'g': 1497.8614804325216}]","[array([[ 1.58192468e-03,  1.34988402e-08,  2.93564197e-04,
        -2.92527348e-05],
       [ 1.34988402e-08,  1.14311330e-11, -4.49666299e-08,
        -1.04585775e-08],
       [ 2.93564197e-04, -4.49666299e-08,  1.75681203e-03,
        -3.02215668e-05],
       [-2.92527348e-05, -1.04585775e-08, -3.02215668e-05,
         2.22178283e-05]])]",37.836685323034544,0.10151702989501815
ZTF18aaqcozd,0.0739939999999999,2458254.065294033,2.96030193567276e-05,0.0007350289770240159,4.81886703082926e-06,-1.106436252882815,0.05376381728780266,-0.09102611171850326,0.006225883001909183,"[{'r': 1121.7682947133371, 'g': 1360.3629825924827}]","[array([[ 8.76340707e-10,  3.68364725e-12,  1.62328828e-09,
        -3.95948947e-09],
       [ 3.68364725e-12,  2.32214795e-11, -1.46926740e-07,
        -2.35379992e-08],
       [ 1.62328828e-09, -1.46926740e-07,  2.89057625e-03,
         1.10180501e-04],
       [-3.95948947e-09, -2.35379992e-08,  1.10180501e-04,
         3.87621242e-05]])]",37.81868916564707,0.10347611122456066
ZTF18aaqcqvr,0.07231499999999991,2458256.8214724567,0.04293224401772022,0.0008690746695145385,5.069464746564056e-06,0.06402351247734915,0.054683632289620886,-0.026896232246439306,0.005077372854888898,"[{'r': 1416.754612214701, 'g': 1578.3473250288566}]","[array([[ 1.84318685e-03, -2.14383863e-08,  1.65391993e-03,
         8.18724523e-06],
       [-2.14383863e-08,  2.56994728e-11, -1.49254978e-07,
        -2.05055451e-08],
       [ 1.65391993e-03, -1.49254978e-07,  2.99032945e-03,
         8.25443560e-05],
       [ 8.18724523e-06, -2.05055451e-08,  8.25443560e-05,
         2.57799368e-05]])]",37.546278866875554,0.10258068407721745
ZTF18aaqcugm,0.06240800000000002,2458255.567740366,0.02594731911085546,0.0011823704264287208,4.537744988496878e-06,-1.1527477812475833,0.03194399811639048,-0.08835342955109535,0.003868626326784759,"[{'r': 1787.6832463314686, 'g': 2202.124909274251}]","[array([[ 6.73264873e-04,  3.06119286e-09,  4.80535221e-04,
        -6.45222918e-06],
       [ 3.06119286e-09,  2.05911296e-11, -6.34363363e-08,
        -1.29790077e-08],
       [ 4.80535221e-04, -6.34363363e-08,  1.02042253e-03,
         2.07470384e-05],
       [-6.45222918e-06, -1.29790077e-08,  2.07470384e-05,
         1.49663449e-05]])]",37.275182438270704,0.10123556357421787
ZTF18aaqffyp,0.07038000000000011,2458254.6240058197,0.033009253442287445,0.0006941438989140833,3.244904187720693e-06,0.9505691050706839,0.036719637751973844,0.043730416619138464,0.003918007982846573,"[{'r': 1271.8574760255212, 'g': 1320.396444836166}]","[array([[ 1.08961445e-03,  8.03794903e-09,  7.75452455e-05,
        -8.31935546e-06],
       [ 8.03794903e-09,  1.05294032e-11, -6.95951550e-08,
        -9.91794740e-09],
       [ 7.75452455e-05, -6.95951550e-08,  1.34833791e-03,
         2.96268909e-05],
       [-8.31935546e-06, -9.91794740e-09,  2.96268909e-05,
         1.53508653e-05]])]",37.68960114876384,0.10150492145625299
ZTF18aaqnrum,0.06611699999999998,2458255.838083754,0.051676493138074875,0.0007849982809587722,4.958734026436207e-06,0.14396978165120558,0.049543804828585974,-0.03275624658540779,0.005761857084192421,"[{'r': 1146.0239088528817, 'g': 1235.1429617244073}]","[array([[ 2.67047824e-03,  4.42828545e-08,  1.52136267e-05,
        -5.87878905e-05],
       [ 4.42828545e-08,  2.45890431e-11, -1.18045379e-07,
        -2.14605040e-08],
       [ 1.52136267e-05, -1.18045379e-07,  2.45460868e-03,
         1.93717684e-05],
       [-5.87878905e-05, -2.14605040e-08,  1.93717684e-05,
         3.31993649e-05]])]",37.66670840913863,0.1027517592347739
ZTF18aaqqoqs,0.08257200000000009,2458262.6866658353,0.03825159021653235,0.0007371315027639713,4.662151342010867e-06,1.080356056432206,0.05930818224155676,-0.03677645984150877,0.005429727836318215,"[{'r': 1261.7517624658035, 'g': 1420.7234513330804}]","[array([[ 1.46318879e-03, -4.43145395e-08,  9.18180008e-04,
         3.03071007e-05],
       [-4.43145395e-08,  2.17356551e-11, -2.00082464e-07,
        -1.87937425e-08],
       [ 9.18180008e-04, -2.00082464e-07,  3.51750221e-03,
         1.17371238e-04],
       [ 3.03071007e-05, -1.87937425e-08,  1.17371238e-04,
         2.94822345e-05]])]",37.8621750979284,0.10307817060083846
ZTF18aasdted,0.01803026740261693,2458265.986313735,0.008562531089410186,0.008294549151031831,1.9186497315380746e-05,0.8343515932156709,0.012371073798071841,0.16632872654526348,0.0015801769533816956,"[{'r': 15772.68010497326, 'g': 14724.081268658689}]","[array([[ 7.33169558e-05, -4.81285398e-08,  3.17364140e-05,
         1.65901996e-06],
       [-4.81285398e-08,  3.68121679e-10, -1.76341283e-07,
        -2.48888707e-08],
       [ 3.17364140e-05, -1.76341283e-07,  1.53043546e-04,
         7.40529809e-06],
       [ 1.65901996e-06, -2.48888707e-08,  7.40529809e-06,
         2.49696134e-06]])]",34.71474021879009,0.10028256330850849
ZTF18aasesgl,0.08657500000000007,2458258.739850548,0.09907339280471206,0.00029216127130027997,4.160610715453483e-06,-1.3539883503437071,0.09313697668697829,0.05950970764679429,0.01457451359182664,"[{'r': 579.8861440743988, 'g': 583.2425812538286}]","[array([[ 9.81564442e-03, -5.25840387e-08,  3.95601323e-03,
        -3.86352680e-05],
       [-5.25840387e-08,  1.73106815e-11, -2.02309880e-07,
        -4.23432609e-08],
       [ 3.95601323e-03, -2.02309880e-07,  8.67475195e-03,
         1.82684908e-04],
       [-3.86352680e-05, -4.23432609e-08,  1.82684908e-04,
         2.12431542e-04]])]",38.37519430318875,0.11467977760328334
ZTF18aaslhxt,0.05459999999999998,2458264.1524420357,4.117097705602646e-05,0.0015998538134425616,5.153219540584425e-06,0.35711994820024384,0.020696991361187966,-0.11581905310781787,0.0023995701060662566,"[{'r': 2035.7924038080782, 'g': 2486.494479245772}]","[array([[ 1.69506308e-09, -1.40386489e-13,  5.53978178e-10,
         3.94728723e-11],
       [-1.40386489e-13,  2.65556716e-11, -8.22207023e-08,
        -1.02239329e-08],
       [ 5.53978178e-10, -8.22207023e-08,  4.28366064e-04,
         2.34840821e-05],
       [ 3.94728723e-11, -1.02239329e-08,  2.34840821e-05,
         5.75794790e-06]])]",37.14759132825468,0.10067828639328522
ZTF18aatzygk,0.0769359999999999,2458263.583724273,0.03766423068009317,0.0006236415954989083,4.386766428932792e-06,0.19891985025945372,0.05783340225549946,0.015929473306700675,0.005542627319596877,"[{'r': 1020.3178126139713, 'g': 1063.917090189475}]","[array([[ 1.41859991e-03, -2.60573129e-08,  4.33940388e-04,
         1.27168208e-05],
       [-2.60573129e-08,  1.92437197e-11, -1.89422072e-07,
        -1.87375379e-08],
       [ 4.33940388e-04, -1.89422072e-07,  3.34473972e-03,
         1.22762196e-04],
       [ 1.27168208e-05, -1.87375379e-08,  1.22762196e-04,
         3.07210323e-05]])]",37.84060505522834,0.1033410603714771
ZTF18aauhxce,0.08379200000000009,2458271.0429392518,0.07786193885840476,0.0005036207715237162,4.725991074150393e-06,0.9612668333383525,0.11040712798064839,0.10277402070474718,0.008362097633027282,"[{'r': 921.7540086793908, 'g': 876.7923585948505}]","[array([[ 6.06256020e-03, -1.61463295e-07,  4.79641343e-03,
         1.94463689e-04],
       [-1.61463295e-07,  2.23349916e-11, -3.42528922e-07,
        -2.79297797e-08],
       [ 4.79641343e-03, -3.42528922e-07,  1.21902339e-02,
         2.06371344e-04],
       [ 1.94463689e-04, -2.79297797e-08,  2.06371344e-04,
         6.99263241e-05]])]",37.9135016077643,0.10689157068400566
ZTF18aaumeys,0.036816389981204845,2458267.7504839282,0.019899423699826002,0.0035413360876981673,1.2984860066431875e-05,0.8439800997010795,0.026772024122588278,-0.015348922009322844,0.0029694965231105265,"[{'r': 5423.805537220996, 'g': 6231.406303612982}]","[array([[ 3.95987454e-04, -8.77238217e-08,  2.73606183e-04,
         1.17271648e-05],
       [-8.77238217e-08,  1.68606591e-10, -2.26062908e-07,
        -2.99248339e-08],
       [ 2.73606183e-04, -2.26062908e-07,  7.16743000e-04,
         2.06042423e-05],
       [ 1.17271648e-05, -2.99248339e-08,  2.06042423e-05,
         8.81793553e-06]])]",36.05809148269667,0.10087338113185289
ZTF18aaumlfl,0.08747299999999991,2458266.17275177,0.045960519928485155,0.0005074569603157122,4.387962514944277e-06,-0.9249596877120897,0.06185055870807343,-0.1023237877243158,0.006998114174443466,"[{'r': 775.921464093052, 'g': 931.7337253727441}]","[array([[ 2.11238330e-03, -7.41755631e-08,  7.90656243e-04,
         5.90607709e-05],
       [-7.41755631e-08,  1.92542150e-11, -2.04029136e-07,
        -2.32938980e-08],
       [ 7.90656243e-04, -2.04029136e-07,  3.82554082e-03,
         1.74374149e-04],
       [ 5.90607709e-05, -2.32938980e-08,  1.74374149e-04,
         4.89744100e-05]])]",38.271938896177744,0.1049322456914999
ZTF18aaunfqq,0.07133400000000001,2458268.5999130993,0.041524066822603345,0.000669896493579937,4.973290243209805e-06,-0.8093897123005904,0.04571667510806865,0.048321629622358114,0.00544819748941992,"[{'r': 1244.531825761382, 'g': 1300.0207162327554}]","[array([[ 1.72425410e-03, -1.22593610e-07,  9.29939166e-04,
         8.77360346e-05],
       [-1.22593610e-07,  2.47336159e-11, -1.67485579e-07,
        -2.29493423e-08],
       [ 9.29939166e-04, -1.67485579e-07,  2.09002904e-03,
         1.19273215e-04],
       [ 8.77360346e-05, -2.29493423e-08,  1.19273215e-04,
         2.96831503e-05]])]",37.52556589760064,0.10330356095778205
ZTF18aavrwhu,0.06263400000000008,2458276.3331430294,0.039259277982637286,0.0012632656214916424,3.995456507113054e-06,0.935560659293629,0.05235939327128991,-0.03535834908141733,0.0032993452604293573,"[{'r': 2092.8378797018354, 'g': 2419.105152500281}]","[array([[ 1.54129747e-03, -2.90749365e-08,  2.81469970e-05,
         1.25419382e-05],
       [-2.90749365e-08,  1.59636727e-11, -1.01674332e-07,
        -9.46610986e-09],
       [ 2.81469970e-05, -1.01674332e-07,  2.74153134e-03,
         2.84950925e-05],
       [ 1.25419382e-05, -9.46610986e-09,  2.84950925e-05,
         1.08857187e-05]])]",37.28130320581595,0.10110173664799194
ZTF18aavrzxp,0.0694729999999999,2458271.1806544107,0.058489140355959535,0.0007167804699420507,4.544882536414163e-06,-1.244327116829656,0.052298063601298184,-0.09078294074839059,0.005350839589938337,"[{'r': 1117.642655415793, 'g': 1353.5331353660401}]","[array([[ 3.42100910e-03, -1.60093751e-07,  5.46876727e-04,
         9.76107828e-05],
       [-1.60093751e-07,  2.06559573e-11, -1.24333221e-07,
        -1.83014074e-08],
       [ 5.46876727e-04, -1.24333221e-07,  2.73511278e-03,
         7.37527696e-05],
       [ 9.76107828e-05, -1.83014074e-08,  7.37527696e-05,
         2.86317598e-05]])]",37.8304323006605,0.10273631149960315
ZTF18aawjywv,0.05061500000000008,2458271.8320177346,0.02959898440167308,0.0014279425933080361,6.017345397124618e-06,-1.591613356820137,0.029324189416239932,-0.03786529874608239,0.0038340709387072874,"[{'r': 2280.8984258590626, 'g': 2618.897643311989}]","[array([[ 8.76102265e-04, -7.21782977e-08,  8.25133319e-05,
         1.86790260e-05],
       [-7.21782977e-08,  3.62084456e-11, -9.81035755e-08,
        -1.75144759e-08],
       [ 8.25133319e-05, -9.81035755e-08,  8.59910614e-04,
         3.09840687e-05],
       [ 1.86790260e-05, -1.75144759e-08,  3.09840687e-05,
         1.47001721e-05]])]",36.8825839543384,0.10130001066827786
ZTF18aawurud,0.05265999999999993,2458327.6957123787,0.04291524621658027,0.001117577618647246,7.1786839393774005e-06,1.4134381742804385,0.042865350288867954,0.26476787892743103,0.004971518683885401,"[{'r': 2357.3157566157433, 'g': 1883.0237215508273}]","[array([[ 1.84172686e-03,  3.77604128e-08,  3.94599629e-04,
        -7.07648549e-06],
       [ 3.77604128e-08,  5.15335031e-11, -1.39597088e-07,
        -3.44366448e-08],
       [ 3.94599629e-04, -1.39597088e-07,  1.83744974e-03,
         8.82814651e-05],
       [-7.07648549e-06, -3.44366448e-08,  8.82814651e-05,
         2.47162170e-05]])]",36.63154688943696,0.10265618621956454
ZTF18aaxcntm,0.026981061019831998,2458279.644250808,0.01354074920527637,0.003065884080771082,6.77250004238808e-06,-1.532681111080589,0.014265804160659257,0.10505608987270515,0.002040265222064519,"[{'r': 5781.341916037051, 'g': 5761.216645562787}]","[array([[ 1.83351976e-04, -1.90285916e-09, -2.52789314e-06,
        -4.87139317e-07],
       [-1.90285916e-09,  4.58667568e-11, -3.72653292e-08,
        -1.11435009e-08],
       [-2.52789314e-06, -3.72653292e-08,  2.03513310e-04,
         2.37369787e-06],
       [-4.87139317e-07, -1.11435009e-08,  2.37369787e-06,
         4.16268802e-06]])]",35.74882410782728,0.10034637006883163
ZTF18aaxdrjn,0.034549955786219,2458279.681774495,0.020298850955441594,0.00300715332155755,1.4162139246456235e-05,-2.2270197652469332,0.02762784796004336,-0.06878169422317128,0.004214932985436008,"[{'r': 4299.997338495559, 'g': 5127.133430499475}]","[array([[ 4.12043692e-04,  1.51841672e-08,  2.25654523e-04,
        -5.21371869e-06],
       [ 1.51841672e-08,  2.00566188e-10, -1.42799201e-07,
        -4.81129514e-08],
       [ 2.25654523e-04, -1.42799201e-07,  7.63300026e-04,
         9.10355888e-06],
       [-5.21371869e-06, -4.81129514e-08,  9.10355888e-06,
         1.77657658e-05]])]",36.09136804449067,0.10143851128884114
ZTF18aaxsioa,0.03147530363194684,2458286.721835444,0.008833755971863866,0.0031645876291274758,5.490345783142059e-06,-1.607156187924855,0.010047327524908667,0.06326147755526887,0.0016663598279707675,"[{'r': 5646.610961469319, 'g': 5825.8914731612385}]","[array([[ 7.80352621e-05, -2.37283247e-12,  3.20263772e-05,
        -2.48356138e-07],
       [-2.37283247e-12,  3.01438968e-11, -2.36918180e-08,
        -7.12040054e-09],
       [ 3.20263772e-05, -2.36918180e-08,  1.00948825e-04,
         1.99198048e-06],
       [-2.48356138e-07, -7.12040054e-09,  1.99198048e-06,
         2.77675766e-06]])]",35.78405167051913,0.1002317385179772
ZTF18aaxvpsw,0.092063,2458287.561569767,0.04189213435165584,0.0005724173515748721,2.8228968090571183e-06,-0.0740202627709902,0.051489243155191836,-0.0072864146851819986,0.004850266145892044,"[{'r': 1035.1246541235835, 'g': 1110.5385880044387}]","[array([[ 1.75495962e-03, -7.21108005e-09,  1.15404949e-03,
         5.55164751e-06],
       [-7.21108005e-09,  7.96874639e-12, -7.70551527e-08,
        -9.61431360e-09],
       [ 1.15404949e-03, -7.70551527e-08,  2.65116559e-03,
         5.00290618e-05],
       [ 5.55164751e-06, -9.61431360e-09,  5.00290618e-05,
         2.35252662e-05]])]",37.96875467568439,0.10213018029226033
ZTF18aaxwjmp,0.0839129999999999,2458288.9539643414,0.02969719679094851,0.0005784861126488655,2.294950803109763e-06,0.49974342104454317,0.03784139203018866,-0.027735686857597818,0.0036269849662747024,"[{'r': 928.5457785087592, 'g': 1012.4287782928242}]","[array([[ 8.81925179e-04, -7.10740238e-09,  4.93832934e-04,
         5.64984129e-06],
       [-7.10740238e-09,  5.26679919e-12, -5.21047950e-08,
        -6.17810826e-09],
       [ 4.93832934e-04, -5.21047950e-08,  1.43197780e-03,
         3.56446705e-05],
       [ 5.64984129e-06, -6.17810826e-09,  3.56446705e-05,
         1.31550777e-05]])]",38.03753132654704,0.10132034264090214
ZTF18aaydmkh,0.07684099999999994,2458288.6495091394,0.04514937335625291,0.0003989251354777623,2.4122020983487202e-06,-0.1602595983308331,0.056746160434731796,0.16037127674372637,0.0055065645066027236,"[{'r': 829.8393369174977, 'g': 739.9186894409492}]","[array([[ 2.03847422e-03,  1.67919833e-09,  1.29168136e-03,
        -1.62485770e-06],
       [ 1.67919833e-09,  5.81871897e-12, -6.42572247e-08,
        -1.04011195e-08],
       [ 1.29168136e-03, -6.42572247e-08,  3.22016130e-03,
         6.27206201e-05],
       [-1.62485770e-06, -1.04011195e-08,  6.27206201e-05,
         3.03225672e-05]])]",37.885413187351745,0.102791917125805
ZTF18aayjvve,0.0478593593109744,2458292.7586168023,0.02432160754688084,0.0015565342367564947,7.333718272131001e-06,-0.18229138610286857,0.03453026601970573,0.05243377449214823,0.0037327698962443777,"[{'r': 2865.4693145720685, 'g': 3022.5131684795765}]","[array([[ 5.91541227e-04, -5.05730014e-08,  5.70215944e-04,
         2.16556116e-05],
       [-5.05730014e-08,  5.37834237e-11, -1.62604041e-07,
        -2.33286017e-08],
       [ 5.70215944e-04, -1.62604041e-07,  1.19234401e-03,
         5.45336275e-05],
       [ 2.16556116e-05, -2.33286017e-08,  5.45336275e-05,
         1.39336360e-05]])]",36.6899784378198,0.10150360183249799
ZTF18aazabmh,0.07289799999999991,2458290.8051125905,0.040941637475043535,0.0004745810694540206,2.9863887200110018e-06,-0.49942517900146055,0.050822534679317216,0.09782332961742551,0.0056790783949470305,"[{'r': 869.5500904801394, 'g': 851.2324496636314}]","[array([[ 1.67622372e-03, -1.01300588e-08,  8.95599640e-04,
         2.07782172e-05],
       [-1.01300588e-08,  8.91851759e-12, -8.17498145e-08,
        -1.35063983e-08],
       [ 8.95599640e-04, -8.17498145e-08,  2.58295233e-03,
         7.88094397e-05],
       [ 2.07782172e-05, -1.35063983e-08,  7.88094397e-05,
         3.22522815e-05]])]",37.83415843920456,0.10296669371036983
ZTF18aazblzy,0.06547600000000009,2458292.393147857,0.017838689032942057,0.0008415539866048968,2.8942152707732427e-06,-1.9359149792632218,0.021824274183206982,-0.06535284628924956,0.003262425391858847,"[{'r': 1339.0252855099457, 'g': 1597.5754289103263}]","[array([[ 3.18219087e-04, -3.89320871e-09,  1.65466549e-04,
         5.43678370e-06],
       [-3.89320871e-09,  8.37648203e-12, -3.28032352e-08,
        -7.26173260e-09],
       [ 1.65466549e-04, -3.28032352e-08,  4.76299729e-04,
         1.81314578e-05],
       [ 5.43678370e-06, -7.26173260e-09,  1.81314578e-05,
         1.06434574e-05]])]",37.457402376521514,0.10093308066832417
ZTF18aazcoob,0.08425400000000005,2458295.8044964517,0.05987264309078455,0.0006141458480429102,4.128494524125587e-06,0.6871191407469096,0.06811878116925463,0.05757874150959758,0.005734416688974023,"[{'r': 1066.094420713449, 'g': 1049.5536138870757}]","[array([[ 3.58476317e-03,  1.46243145e-08, -1.10638026e-03,
         8.41348067e-06],
       [ 1.46243145e-08,  1.70444670e-11, -1.78012310e-07,
        -1.81765140e-08],
       [-1.10638026e-03, -1.78012310e-07,  4.64024046e-03,
         1.01894901e-04],
       [ 8.41348067e-06, -1.81765140e-08,  1.01894901e-04,
         3.28838964e-05]])]",37.794148556740936,0.10339829869052032
ZTF18aazixbw,0.05943100000000001,2458292.3910366977,0.025866137351840734,0.0007873109250960686,3.719816058688624e-06,-1.806504148637584,0.031837482078756585,0.06347379054508824,0.004296902985249873,"[{'r': 1527.8035252868622, 'g': 1577.436204518928}]","[array([[ 6.69058199e-04, -1.03182098e-08,  3.87931758e-04,
         1.45955924e-05],
       [-1.03182098e-08,  1.38370315e-11, -5.59847652e-08,
        -1.31188948e-08],
       [ 3.87931758e-04, -5.59847652e-08,  1.01362881e-03,
         3.58655539e-05],
       [ 1.45955924e-05, -1.31188948e-08,  3.58655539e-05,
         1.84634894e-05]])]",37.22408709367044,0.1016410957230355
ZTF18aazjztm,0.07194000000000011,2458291.868554166,0.03346254490315914,0.0005950117773036376,3.2385750437548266e-06,-1.3586254645655251,0.04090386819832581,0.04130068800277763,0.005050645212711348,"[{'r': 1029.3769314211033, 'g': 1050.4986669503878}]","[array([[ 1.11974512e-03, -8.32286400e-09,  6.59713539e-04,
         9.77708578e-06],
       [-8.32286400e-09,  1.04883683e-11, -6.40496752e-08,
        -1.28435126e-08],
       [ 6.59713539e-04, -6.40496752e-08,  1.67313594e-03,
         4.46550690e-05],
       [ 9.77708578e-06, -1.28435126e-08,  4.46550690e-05,
         2.55092343e-05]])]",37.65305807577241,0.10222599838518295
ZTF18aazsabq,0.059555000000000025,2458294.511713778,0.022019885014742613,0.000913823820342892,3.673079757574721e-06,-1.4577852813730565,0.027318274101903572,0.03269367605381851,0.003621503654172381,"[{'r': 1475.4479383657117, 'g': 1505.9201327698395}]","[array([[ 4.84875934e-04, -3.83621856e-09,  2.55679740e-04,
         1.01493448e-06],
       [-3.83621856e-09,  1.34915149e-11, -4.90075032e-08,
        -1.06993116e-08],
       [ 2.55679740e-04, -4.90075032e-08,  7.46289997e-04,
         2.17085445e-05],
       [ 1.01493448e-06, -1.06993116e-08,  2.17085445e-05,
         1.31153461e-05]])]",37.14696417836949,0.10117685539159896
ZTF18abauprj,0.024133071486819757,2458303.067701358,0.0078320293687284,0.01105365438073376,2.5357702964898254e-05,1.369612118540651,0.015333543570098529,-0.012391036067712314,0.0017435784501823332,"[{'r': 16671.521058577597, 'g': 18835.07422038013}]","[array([[ 6.13406924e-05, -7.71704975e-08,  7.72162118e-05,
         3.17191385e-06],
       [-7.71704975e-08,  6.43013100e-10, -2.62414553e-07,
        -3.55259544e-08],
       [ 7.72162118e-05, -2.62414553e-07,  2.35117746e-04,
         8.28487031e-06],
       [ 3.17191385e-06, -3.55259544e-08,  8.28487031e-06,
         3.04006889e-06]])]",34.996072294995095,0.10032355895777288
ZTF18abaxlpi,0.06379200000000007,2458298.9647189663,0.03290914185345173,0.0007875154409829679,3.935275176301933e-06,0.11965395780748117,0.04660150543843368,0.046610963053734196,0.004222407261243722,"[{'r': 1310.863781111329, 'g': 1324.889829423551}]","[array([[ 1.08301538e-03, -5.68091104e-08,  1.01791072e-03,
         4.16365540e-05],
       [-5.68091104e-08,  1.54863907e-11, -1.26691346e-07,
        -1.31662454e-08],
       [ 1.01791072e-03, -1.26691346e-07,  2.17171603e-03,
         7.51106197e-05],
       [ 4.16365540e-05, -1.31662454e-08,  7.51106197e-05,
         1.78288293e-05]])]",37.478490822834274,0.10192711842135897
ZTF18abbpeqo,0.06685699999999994,2458301.303388038,0.02779770572669804,0.0009403822167009107,3.1141669153272877e-06,-0.04700863915301474,0.03611429761882674,0.03883552061303517,0.003126085521912566,"[{'r': 1565.6078301599098, 'g': 1642.9905703947634}]","[array([[ 7.72714127e-04, -3.61145125e-08,  6.50403617e-04,
         1.91466222e-05],
       [-3.61145125e-08,  9.69803558e-12, -6.65800015e-08,
        -7.01368695e-09],
       [ 6.50403617e-04, -6.65800015e-08,  1.30424816e-03,
         2.27621235e-05],
       [ 1.91466222e-05, -7.01368695e-09,  2.27621235e-05,
         9.77244257e-06]])]",37.28951266875231,0.10096087025417919
ZTF18abbvsiv,0.050828000000000095,2458297.478101788,0.024485436268150806,0.0015123005144547577,6.378080602068015e-06,-1.5748498176298031,0.03617947077097716,0.015937324682170375,0.003918677215154887,"[{'r': 2484.476811613245, 'g': 2669.919569985852}]","[array([[ 5.99537421e-04,  1.10015784e-09,  4.61198934e-05,
         4.17340564e-06],
       [ 1.10015784e-09,  4.06799122e-11, -1.27939161e-07,
        -1.93098723e-08],
       [ 4.61198934e-05, -1.27939161e-07,  1.30895996e-03,
         3.35969616e-05],
       [ 4.17340564e-06, -1.93098723e-08,  3.35969616e-05,
         1.53561097e-05]])]",36.67250204160003,0.101392386217986
ZTF18abcecfi,0.0790630000000001,2458301.878251205,0.10260007600300014,0.0004508506472259352,7.92445208632614e-06,0.26762654559969384,0.13728630124161872,0.11960599261908023,0.014310669529695765,"[{'r': 894.6993615904101, 'g': 839.1630893962229}]","[array([[ 1.05268737e-02, -1.25112345e-08,  7.69835469e-03,
         1.88971880e-07],
       [-1.25112345e-08,  6.27969409e-11, -5.06868804e-07,
        -9.70925608e-08],
       [ 7.69835469e-03, -5.06868804e-07,  1.88487136e-02,
         4.04383809e-04],
       [ 1.88971880e-07, -9.70925608e-08,  4.04383809e-04,
         2.04809447e-04]])]",37.912051263370145,0.11828530790852419
ZTF18abcflnz,0.0268007984403007,2458306.7498445213,0.00886234687641263,0.006455974480988842,1.6565148483586173e-05,-0.04439329059676986,0.012858215264418379,-0.023636701018405468,0.0019426923632099111,"[{'r': 8598.469334114094, 'g': 9204.835284092434}]","[array([[ 7.85412079e-05, -3.96605419e-08,  5.42329385e-05,
         7.49928912e-06],
       [-3.96605419e-08,  2.74404144e-10, -1.23566841e-07,
        -3.01542403e-08],
       [ 5.42329385e-05, -1.23566841e-07,  1.65333791e-04,
         1.23380133e-05],
       [ 7.49928912e-06, -3.01542403e-08,  1.23380133e-05,
         3.77405837e-06]])]",35.4201195177619,0.10040812121956692
ZTF18abckujg,0.07540300000000011,2458303.8856774475,0.060699946247041225,0.0007013885621127217,3.7738814085072625e-06,0.5135230318076212,0.08030919102259551,0.0183090266096349,0.005299887210670564,"[{'r': 1247.6413750503532, 'g': 1331.7705983914207}]","[array([[ 3.68451097e-03, -8.70542252e-08,  3.54765712e-03,
         1.68160097e-05],
       [-8.70542252e-08,  1.42421809e-11, -1.52881457e-07,
        -1.30577004e-08],
       [ 3.54765712e-03, -1.52881457e-07,  6.44970519e-03,
        -7.48227382e-07],
       [ 1.68160097e-05, -1.30577004e-08, -7.48227382e-07,
         2.80890675e-05]])]",37.740372343035695,0.10250429062975476
ZTF18abckujq,0.06430800000000003,2458305.395446279,0.09601270826533437,0.0012150732543753442,1.5320748235160553e-05,0.6016845683728609,0.12499653963487209,-0.019025389884791213,0.012168803236260683,"[{'r': 1900.7372226551854, 'g': 2138.688994241201}]","[array([[ 9.21859992e-03, -2.34789319e-07,  7.95356392e-03,
         1.78009013e-04],
       [-2.34789319e-07,  2.34725326e-10, -1.06613012e-06,
        -1.32769430e-07],
       [ 7.95356392e-03, -1.06613012e-06,  1.56249517e-02,
         3.97311230e-04],
       [ 1.78009013e-04, -1.32769430e-07,  3.97311230e-04,
         1.48087085e-04]])]",37.24210709000765,0.1123840022801824
ZTF18abcrxoj,0.03112763577134836,2458306.775662143,0.016105218790471554,0.004361801040474636,1.2584532717404423e-05,-1.6042791557789022,0.017071318256286716,0.04441786116210086,0.0027123943362866478,"[{'r': 6787.470973505519, 'g': 7135.553477442094}]","[array([[ 2.59378262e-04,  9.02717067e-09,  1.31917355e-04,
        -2.80307965e-06],
       [ 9.02717067e-09,  1.58370464e-10, -6.58423011e-08,
        -2.71293733e-08],
       [ 1.31917355e-04, -6.58423011e-08,  2.91430198e-04,
         1.20517290e-06],
       [-2.80307965e-06, -2.71293733e-08,  1.20517290e-06,
         7.35710111e-06]])]",35.48837578443117,0.10057575477538155
ZTF18abcsgvj,0.05976399999999993,2458303.8697702694,0.03896223637275398,0.0007836812343245611,3.6117408612652835e-06,-1.8103068335915056,0.04132079866814442,0.043412697672432214,0.004824268957242868,"[{'r': 1356.898273790197, 'g': 1369.0754185737048}]","[array([[ 1.51806211e-03, -4.11910173e-08,  7.48432100e-04,
         3.15262876e-05],
       [-4.11910173e-08,  1.30446720e-11, -6.04840670e-08,
        -1.30977044e-08],
       [ 7.48432100e-04, -6.04840670e-08,  1.70741845e-03,
         2.46810465e-05],
       [ 3.15262876e-05, -1.30977044e-08,  2.46810465e-05,
         2.32737519e-05]])]",37.28446404834769,0.10183331572699507
ZTF18abcysdx,0.06562500000000004,2458308.4351407187,1.9839266315102577e-05,0.0004630312133593051,3.259816861105047e-06,1.109131046996009,0.07897053184537284,0.18432957801372726,0.005646469866039727,"[{'r': 874.4003062516092, 'g': 736.6413319835374}]","[array([[ 3.93595422e-10, -6.03759142e-15,  1.80028501e-10,
        -1.98149626e-12],
       [-6.03759142e-15,  1.06264060e-11, -1.48742026e-07,
        -1.68503691e-08],
       [ 1.80028501e-10, -1.48742026e-07,  6.23647616e-03,
         1.77907264e-04],
       [-1.98149626e-12, -1.68503691e-08,  1.77907264e-04,
         3.18829727e-05]])]",37.77900444733355,0.1038880287978704
ZTF18abdbuty,0.05894299999999997,2458308.558792422,0.03051030938513577,0.0011045114153923202,4.712404499569722e-06,-0.7768907625450524,0.0404894815531231,-0.008348277692825918,0.004348614547212077,"[{'r': 1553.6076611558722, 'g': 1696.044010114441}]","[array([[ 9.30881045e-04, -1.50000546e-08,  3.28582501e-04,
         4.57886180e-06],
       [-1.50000546e-08,  2.22067562e-11, -1.05860061e-07,
        -1.45328682e-08],
       [ 3.28582501e-04, -1.05860061e-07,  1.63940713e-03,
         3.21532445e-05],
       [ 4.57886180e-06, -1.45328682e-08,  3.21532445e-05,
         1.89105677e-05]])]",37.16727526527431,0.10158264873733795
ZTF18abdefet,0.07378200000000001,2458308.361936633,0.06434803525917232,0.00045883228968711387,3.2115391980919172e-06,-0.17103318705896303,0.0743427167124962,0.13906161904968942,0.006351182213836654,"[{'r': 872.2710117060456, 'g': 789.5410224796469}]","[array([[ 4.14071240e-03, -6.94369357e-08,  1.16824693e-03,
         6.54104539e-05],
       [-6.94369357e-08,  1.03139840e-11, -1.20984762e-07,
        -1.57339165e-08],
       [ 1.16824693e-03, -1.20984762e-07,  5.52694138e-03,
         8.06147446e-05],
       [ 6.54104539e-05, -1.57339165e-08,  8.06147446e-05,
         4.03380686e-05]])]",37.75306187209605,0.103769214911813
ZTF18abdfazk,0.0845530000000001,2458307.791994745,0.08668759441934526,0.0006246657083533794,4.55021630448027e-06,-0.4681431172183844,0.10969082019879495,-0.07354365977990754,0.007980781200668162,"[{'r': 1063.098493504028, 'g': 1256.9792716316904}]","[array([[ 7.51486153e-03, -3.53875083e-08,  6.91987333e-03,
        -7.42270623e-05],
       [-3.53875083e-08,  2.07044684e-11, -1.70154280e-07,
        -2.41527497e-08],
       [ 6.91987333e-03, -1.70154280e-07,  1.20325597e-02,
        -3.57334362e-05],
       [-7.42270623e-05, -2.41527497e-08, -3.57334362e-05,
         6.36942282e-05]])]",37.97706928281055,0.10484689552705545
ZTF18abdfwur,0.06997399999999998,2458310.8723020186,0.03628690727055073,0.0006668819088022013,2.909334772260852e-06,-0.3462491395744349,0.047171621682643466,0.0599137957130282,0.004304193482208524,"[{'r': 1156.1924722713516, 'g': 1173.4986811598494}]","[array([[ 1.31674524e-03,  2.99685249e-10,  2.45120663e-04,
        -3.94069402e-07],
       [ 2.99685249e-10,  8.46422881e-12, -7.41005961e-08,
        -8.94820392e-09],
       [ 2.45120663e-04, -7.41005961e-08,  2.22517842e-03,
         3.43843204e-05],
       [-3.94069402e-07, -8.94820392e-09,  3.43843204e-05,
         1.85261964e-05]])]",37.54820312631369,0.10165946547707211
ZTF18abdfydj,0.07589299999999999,2458312.028627711,0.035130470991134644,0.0008146125688308012,3.6884353676568116e-06,0.3323164191316117,0.050132546085590035,-0.04918621828478849,0.004346027399013377,"[{'r': 1345.8766662544513, 'g': 1549.251254658863}]","[array([[ 1.23415402e-03, -1.08437205e-09,  5.78055910e-04,
        -7.88130523e-06],
       [-1.08437205e-09,  1.36045555e-11, -1.11917959e-07,
        -1.02872186e-08],
       [ 5.78055910e-04, -1.11917959e-07,  2.51329326e-03,
         2.92774221e-05],
       [-7.88130523e-06, -1.02872186e-08,  2.92774221e-05,
         1.88880734e-05]])]",37.707455556841225,0.10170281850088833
ZTF18abdkimx,0.0769740000000001,2458314.2704953104,0.038358434569090605,0.0006586582802828242,3.2337590653921944e-06,-0.4069769171884892,0.052705630087716004,-0.04477566853133139,0.004820058997360471,"[{'r': 1100.9664037972768, 'g': 1267.443094156966}]","[array([[ 1.47137393e-03, -2.80390669e-09,  8.67763274e-04,
        -4.91101713e-06],
       [-2.80390669e-09,  1.04571977e-11, -8.75829461e-08,
        -1.08997871e-08],
       [ 8.67763274e-04, -8.75829461e-08,  2.77790921e-03,
         3.62821743e-05],
       [-4.91101713e-06, -1.08997871e-08,  3.62821743e-05,
         2.32331490e-05]])]",37.84616163070562,0.10203772291826789
ZTF18abeecwe,0.03902994008260663,2458320.769294846,5.138339474797249e-06,0.002781300021547861,1.0359124436649936e-05,-0.3145989773169846,0.020154162885262367,0.002847955464140622,0.0031805336554640695,"[{'r': 4015.7895000868434, 'g': 4197.901139634865}]","[array([[ 2.64031847e-11,  2.66381085e-12, -1.14445765e-08,
         3.32293474e-09],
       [ 2.66381085e-12,  1.07311459e-10, -1.12993355e-07,
        -2.60164742e-08],
       [-1.14445765e-08, -1.12993355e-07,  4.06190832e-04,
         1.15381126e-05],
       [ 3.32293474e-09, -2.60164742e-08,  1.15381126e-05,
         1.01158284e-05]])]",36.183330623199396,0.10088333738223951
ZTF18abeegsl,0.0714809999999999,2458314.634359204,0.04697745316661894,0.0003958598117834583,2.882173710729019e-06,-2.6050892197735966,0.06515730530527386,0.15929220977680442,0.006259129844098307,"[{'r': 824.7764318522302, 'g': 729.7634396688351}]","[array([[ 2.20689216e-03, -2.35264619e-08,  1.35586624e-03,
        -2.04807466e-06],
       [-2.35264619e-08,  8.30692530e-12, -7.23945819e-08,
        -1.55715911e-08],
       [ 1.35586624e-03, -7.23945819e-08,  4.24553889e-03,
         4.27705184e-05],
       [-2.04807466e-06, -1.55715911e-08,  4.27705184e-05,
         3.91772313e-05]])]",37.594499684887325,0.10361808922371678
ZTF18abetehf,0.06528,2458318.7037970643,0.036229925230145454,0.0010836369378339275,6.221151920064033e-06,-1.6396354015424761,0.041125087137136696,-0.1209600113138252,0.007281925859922718,"[{'r': 1552.8941532872877, 'g': 1952.1246053149873}]","[array([[ 1.31261042e-03,  5.01295902e-09,  7.00169127e-04,
        -2.01861437e-05],
       [ 5.01295902e-09,  3.87027312e-11, -1.25027876e-07,
        -2.83166323e-08],
       [ 7.00169127e-04, -1.25027876e-07,  1.69128259e-03,
         3.91040725e-05],
       [-2.01861437e-05, -2.83166323e-08,  3.91040725e-05,
         5.30273954e-05]])]",37.40797492532168,0.10339302758327906
ZTF18abetewu,0.07748200000000005,2458319.0161676533,0.1454717682208866,0.0005829942600664231,1.1026413372541843e-05,0.4462004098407318,0.1901402272456944,0.09034189470275848,0.015137136044458356,"[{'r': 1181.9425761987914, 'g': 1159.9360893735347}]","[array([[ 2.11632080e-02, -7.38405740e-07,  2.37337480e-02,
         8.01000304e-04],
       [-7.38405740e-07,  1.21581792e-10, -1.48302992e-06,
        -1.52533945e-07],
       [ 2.37337480e-02, -1.48302992e-06,  3.61576724e-02,
         1.64747488e-03],
       [ 8.01000304e-04, -1.52533945e-07,  1.64747488e-03,
         2.29150534e-04]])]",37.695068956432635,0.1256791881137391
ZTF18abfgygp,0.06365599999999993,2458322.547800117,1.0156072676181793e-06,0.0010992373139552675,2.932758967288951e-06,-0.0066571433976726204,0.022610051356052693,-0.07591635883434197,0.0026724038417772697,"[{'r': 1593.4321834098798, 'g': 1872.78157756568}]","[array([[ 1.03119405e-12,  7.21430997e-13, -6.38484434e-09,
         9.34327119e-10],
       [ 7.21430997e-13,  8.60107517e-12, -3.09528605e-08,
        -5.19757460e-09],
       [-6.38484434e-09, -3.09528605e-08,  5.11215293e-04,
        -1.07344453e-06],
       [ 9.34327119e-10, -5.19757460e-09, -1.07344453e-06,
         7.14175939e-06]])]",37.40488663400366,0.10058316681689669
ZTF18abfhaji,0.08378899999999989,2458321.5418066382,3.881286829710007e-06,0.0005778961566711358,2.3587465285516973e-06,-0.29877465835340217,0.03671750992279116,-0.053065502910613245,0.004237261668725473,"[{'r': 891.0362676709314, 'g': 993.4850404631557}]","[array([[ 1.50633302e-11, -5.84378691e-15,  1.03130755e-09,
        -4.60961849e-11],
       [-5.84378691e-15,  5.56368519e-12, -3.96730614e-08,
        -6.55325806e-09],
       [ 1.03130755e-09, -3.96730614e-08,  1.34818160e-03,
        -2.48994703e-08],
       [-4.60961849e-11, -6.55325806e-09, -2.48994703e-08,
         1.79544942e-05]])]",38.06143067643495,0.10139289803524494
ZTF18abfhryc,0.03197864061794076,2458324.43693808,0.01469308859668672,0.004641375826091407,1.2848388415465789e-05,0.5041168499995187,0.0171171722223884,-0.01412673716450779,0.002323763450008962,"[{'r': 5756.306133890041, 'g': 6105.885199149249}]","[array([[ 2.15886963e-04,  3.15078821e-08,  1.12668681e-04,
        -1.10245259e-05],
       [ 3.15078821e-08,  1.65081085e-10, -7.51579522e-08,
        -2.35680321e-08],
       [ 1.12668681e-04, -7.51579522e-08,  2.92997872e-04,
        -4.58237098e-06],
       [-1.10245259e-05, -2.35680321e-08, -4.58237098e-06,
         5.39988629e-06]])]",35.81114629092144,0.1004472523082302
ZTF18abfzkno,0.09992200000000007,2458322.6798708364,0.06988811981864274,0.0004999747093161755,5.251479989802632e-06,-0.32488849596014463,0.10113728532247517,-0.08333601768722271,0.009098888971112731,"[{'r': 759.9457106403027, 'g': 854.5935363961665}]","[array([[ 4.88440910e-03, -8.23884201e-08,  4.54898405e-03,
         6.49257471e-05],
       [-8.23884201e-08,  2.75780421e-11, -3.52006304e-07,
        -3.71382887e-08],
       [ 4.54898405e-03, -3.52006304e-07,  1.02290996e-02,
         3.30848015e-04],
       [ 6.49257471e-05, -3.71382887e-08,  3.30848015e-04,
         8.27920813e-05]])]",38.261496522912125,0.10831195545066266
ZTF18abimsyv,0.08764100000000008,2458335.0295210895,0.032120071817189455,0.0006888237472461173,3.715449039470159e-06,1.0433645267155456,0.03934427904388682,-0.04587219586768514,0.0044699236718381725,"[{'r': 1094.2983181375537, 'g': 1203.4497764947114}]","[array([[ 1.03170248e-03, -6.38397091e-09,  4.06960811e-04,
        -1.79357601e-05],
       [-6.38397091e-09,  1.38045616e-11, -8.90871784e-08,
        -1.17035639e-08],
       [ 4.06960811e-04, -8.90871784e-08,  1.54798037e-03,
         1.53033355e-05],
       [-1.79357601e-05, -1.17035639e-08,  1.53033355e-05,
         1.99803510e-05]])]",37.957062638695156,0.10184626107797431
ZTF18abjstcm,0.07863599999999993,2458336.8521527494,0.08318963600322604,0.0005993703791196889,8.926468482019917e-06,-1.4448938934461155,0.07777370039750953,-0.10977454747383804,0.013165797364506147,"[{'r': 766.2604393524554, 'g': 909.4179733310879}]","[array([[ 6.92058194e-03,  1.24097991e-07,  6.95632052e-04,
        -1.89444588e-04],
       [ 1.24097991e-07,  7.96818396e-11, -3.46486079e-07,
        -9.30191979e-08],
       [ 6.95632052e-04, -3.46486079e-07,  6.04887304e-03,
         1.58323492e-04],
       [-1.89444588e-04, -9.30191979e-08,  1.58323492e-04,
         1.73348359e-04]])]",38.05581798399975,0.11339236221410917
ZTF18abjtgdo,0.07428999999999997,2458337.641008222,0.04864190239459276,0.0007502768128848369,5.437114806924881e-06,-1.0766293933841942,0.060147233473083705,-0.015977910270330655,0.006756926004346415,"[{'r': 1257.9715006986135, 'g': 1409.704873885106}]","[array([[ 2.36604936e-03,  4.43779716e-08,  8.37656972e-05,
        -4.71372695e-05],
       [ 4.43779716e-08,  2.95622174e-11, -1.65032183e-07,
        -2.71647620e-08],
       [ 8.37656972e-05, -1.65032183e-07,  3.61773383e-03,
         4.88092971e-05],
       [-4.71372695e-05, -2.71647620e-08,  4.88092971e-05,
         4.56567440e-05]])]",37.59097714829212,0.10379571407126086
ZTF18abjvhec,0.057501000000000024,2458340.8557131733,0.06448029796592891,0.0017569282438891984,1.4680846896729383e-05,0.40249795271186295,0.10982003890739112,-0.0575328319268338,0.0068082876716985714,"[{'r': 2761.0148877878114, 'g': 3250.3535004864116}]","[array([[ 4.15773138e-03, -2.52002576e-07,  5.35974136e-03,
        -3.86024904e-05],
       [-2.52002576e-07,  2.15527266e-10, -1.01436665e-06,
        -7.13414839e-08],
       [ 5.35974136e-03, -1.01436665e-06,  1.20609266e-02,
         1.07499304e-04],
       [-3.86024904e-05, -7.13414839e-08,  1.07499304e-04,
         4.63534996e-05]])]",36.92728986192992,0.10505415430829172
ZTF18abkhcrj,0.038260751077827226,2458343.4640543703,0.025249725906178355,0.001554587341894141,8.546802959714245e-06,0.869767632937278,0.031036365217779582,0.2382417036961693,0.0038522077908738905,"[{'r': 3328.8525543747414, 'g': 2780.936094776516}]","[array([[ 6.37549469e-04, -5.14652333e-08,  2.70593118e-04,
         4.03727888e-06],
       [-5.14652333e-08,  7.30478408e-11, -1.66982745e-07,
        -2.79289116e-08],
       [ 2.70593118e-04, -1.66982745e-07,  9.63259082e-04,
         3.22916977e-05],
       [ 4.03727888e-06, -2.79289116e-08,  3.22916977e-05,
         1.48395827e-05]])]",36.24976793533355,0.10158538689698211
ZTF18abkhcwl,0.03202314741127732,2458344.9361175476,0.02107511763460934,0.0049629889129838844,2.4365581524632418e-05,-0.0031690698564511757,0.029118555875826856,-0.08534956768186369,0.003461247970945977,"[{'r': 6802.886097392584, 'g': 8227.76712299743}]","[array([[ 4.44160948e-04, -2.31062054e-07,  4.48517600e-04,
         1.36326124e-05],
       [-2.31062054e-07,  5.93681563e-10, -5.05653663e-07,
        -7.02225889e-08],
       [ 4.48517600e-04, -5.05653663e-07,  8.47892693e-04,
         3.74415620e-05],
       [ 1.36326124e-05, -7.02225889e-08,  3.74415620e-05,
         1.19802857e-05]])]",35.88167600269576,0.10132310943622169
ZTF18abkifng,0.0879970000000001,2458344.6962931384,0.08119846531189978,0.0006805160856371145,6.907829526822673e-06,0.6250542275699165,0.08488411963625148,-0.20524018981855824,0.008656129632610615,"[{'r': 817.5294855647237, 'g': 1090.007146583031}]","[array([[ 6.59328066e-03, -2.35428431e-07,  2.66719973e-03,
         4.71292118e-05],
       [-2.35428431e-07,  4.77181088e-11, -4.03321288e-07,
        -3.69084592e-08],
       [ 2.66719973e-03, -4.03321288e-07,  7.20548751e-03,
         1.11632277e-04],
       [ 4.71292118e-05, -3.69084592e-08,  1.11632277e-04,
         7.49305340e-05]])]",38.4066759420706,0.10649689140123919
ZTF18abkigee,0.09376600000000002,2458342.557175966,0.09360022470355034,0.0004154488617345506,6.987956404181511e-06,1.2821851393120327,0.13350742831627116,-0.024969676782811097,0.012064068751014366,"[{'r': 683.7391696992328, 'g': 727.7531112233914}]","[array([[ 8.76109123e-03, -1.89115184e-07,  6.21533532e-03,
        -9.19670113e-06],
       [-1.89115184e-07,  4.88315347e-11, -7.24226625e-07,
        -6.41365257e-08],
       [ 6.21533532e-03, -7.24226625e-07,  1.78253102e-02,
         5.56888078e-04],
       [-9.19670113e-06, -6.41365257e-08,  5.56888078e-04,
         1.45548821e-04]])]",38.473695232484346,0.11561584094863624
ZTF18abkudjo,0.09257099999999996,2458345.873446045,0.20879731117747724,0.00047503902388405794,1.1400403822053873e-05,0.9142022430309349,0.2772801860889317,0.026177516638127316,0.019623157493028752,"[{'r': 936.2700329205284, 'g': 959.9746053715085}]","[array([[ 4.35992305e-02, -7.51829748e-07,  4.61583722e-02,
         3.72371127e-04],
       [-7.51829748e-07,  1.29969207e-10, -1.99454524e-06,
        -1.94601317e-07],
       [ 4.61583722e-02, -1.99454524e-06,  7.69041799e-02,
         1.99798113e-03],
       [ 3.72371127e-04, -1.94601317e-07,  1.99798113e-03,
         3.85117780e-04]])]",38.184799254732724,0.13867454034444265
ZTF18abmmkaz,0.06261000000000005,2458355.255310437,0.03842880763113499,0.0012825607456332377,6.476211083922961e-06,0.841718055982745,0.04256977404023932,-0.08364437162481084,0.0038595268031333396,"[{'r': 1622.1422344454666, 'g': 1801.1482588853466}]","[array([[ 1.47677893e-03, -5.71596488e-08, -3.30590347e-04,
         2.70801710e-05],
       [-5.71596488e-08,  4.19413100e-11, -1.90042859e-07,
        -2.16783895e-08],
       [-3.30590347e-04, -1.90042859e-07,  1.81219669e-03,
         8.00494945e-05],
       [ 2.70801710e-05, -2.16783895e-08,  8.00494945e-05,
         1.48960216e-05]])]",37.35043281093104,0.1018015255749382
ZTF18abmxdhb,0.06991799999999992,2458362.477392995,0.03532727644778788,0.0007431783163468972,3.3255449717259356e-06,1.284375540965163,0.046736007693363724,0.002765680563529789,0.0036330401314488433,"[{'r': 1145.5944964561215, 'g': 1245.5634398503598}]","[array([[ 1.24802122e-03, -6.30726218e-08,  7.19365383e-04,
         4.86851692e-05],
       [-6.30726218e-08,  1.10592494e-11, -1.14193343e-07,
        -9.47315637e-09],
       [ 7.19365383e-04, -1.14193343e-07,  2.18427059e-03,
         6.91255972e-05],
       [ 4.86851692e-05, -9.47315637e-09,  6.91255972e-05,
         1.31990387e-05]])]",37.76538819938561,0.10159181917738447
ZTF18abnvoel,0.08282900000000004,2458361.8898085738,0.053423496428877115,0.0008846621406350536,6.881790798263926e-06,0.5300633723617022,0.07270070760425176,-0.016834225736279365,0.006194372293394688,"[{'r': 1290.1678065594594, 'g': 1377.282470998536}]","[array([[ 2.85409462e-03, -2.15416519e-07,  1.88412268e-03,
         1.58598868e-04],
       [-2.15416519e-07,  4.73590446e-11, -3.85403606e-07,
        -3.57857347e-08],
       [ 1.88412268e-03, -3.85403606e-07,  5.28548627e-03,
         2.33483124e-04],
       [ 1.58598868e-04, -3.57857347e-08,  2.33483124e-04,
         3.83707390e-05]])]",37.58780868511685,0.10458039351740886
ZTF18abokpvh,0.0807230000000001,2458365.9937915495,0.038137398194521666,0.0006488675971774022,2.441223113311408e-06,0.6702432266913467,0.04705591536163911,-0.033335674565497214,0.0034672633500124235,"[{'r': 929.6474887591722, 'g': 1000.1595831229566}]","[array([[ 1.45446472e-03, -4.74075118e-08,  7.45363602e-04,
         4.27880489e-05],
       [-4.74075118e-08,  5.95957028e-12, -6.92122602e-08,
        -6.25807226e-09],
       [ 7.45363602e-04, -6.92122602e-08,  2.21427559e-03,
         3.93943956e-05],
       [ 4.27880489e-05, -6.25807226e-09,  3.93943956e-05,
         1.20219634e-05]])]",37.94683616125837,0.10130446748306977
ZTF18abpamut,0.06420000000000003,2458368.6147648487,0.050355674466118217,0.0006504772458430716,3.3846604544363057e-06,0.3961882522668683,0.07553141291628296,0.06934595412119762,0.005137844402215423,"[{'r': 1206.4817109999121, 'g': 1231.3307116390044}]","[array([[ 2.53570884e-03, -3.78504324e-08,  2.09767069e-03,
         5.01451838e-05],
       [-3.78504324e-08,  1.14559264e-11, -1.24053461e-07,
        -1.31397411e-08],
       [ 2.09767069e-03, -1.24053461e-07,  5.70510300e-03,
         7.60747877e-05],
       [ 5.01451838e-05, -1.31397411e-08,  7.60747877e-05,
         2.63976785e-05]])]",37.61416527392355,0.1026046116250549
ZTF18abpaywm,0.03960042242430495,2458368.733319293,0.016390079399570823,0.0013468744415492256,2.8471558590516255e-06,0.5294885959885263,0.023057745257314466,0.22764554069559045,0.0018886771708401667,"[{'r': 2504.3511817570648, 'g': 2063.443780239449}]","[array([[ 2.68634912e-04, -1.55178620e-08,  1.34663387e-04,
         7.64055864e-06],
       [-1.55178620e-08,  8.10629648e-12, -3.32724184e-08,
        -4.41766839e-09],
       [ 1.34663387e-04, -3.32724184e-08,  5.31660561e-04,
         9.51154543e-06],
       [ 7.64055864e-06, -4.41766839e-09,  9.51154543e-06,
         3.56710593e-06]])]",36.398233887140265,0.10037802684093887
ZTF18abpmmpo,0.07599,2458369.2826323393,0.03552448796108365,0.0009121639832805895,2.7108497700767398e-06,1.5464028105628465,0.051719883396766586,-0.026195290775881064,0.0029932552723144924,"[{'r': 1559.4041182223575, 'g': 1747.8688719495894}]","[array([[ 1.26199265e-03, -2.56245121e-08,  7.27740347e-04,
         1.85131455e-05],
       [-2.56245121e-08,  7.34870648e-12, -8.33910857e-08,
        -5.59284293e-09],
       [ 7.27740347e-04, -8.33910857e-08,  2.67497077e-03,
         3.29587336e-05],
       [ 1.85131455e-05, -5.59284293e-09,  3.29587336e-05,
         8.95960390e-06]])]",37.65171965999754,0.10103039250553252
ZTF18abpttky,0.08389099999999994,2458366.1792563396,0.056866375263780355,0.0004769287259056357,2.515682527723384e-06,-1.3915657377781046,0.07096142780468828,0.029651247368076752,0.005456740709175491,"[{'r': 846.6235775290253, 'g': 865.2355695006185}]","[array([[ 3.23380925e-03, -4.23966506e-08,  7.18171990e-04,
         5.53848669e-05],
       [-4.23966506e-08,  6.32865859e-12, -7.40287832e-08,
        -1.00419639e-08],
       [ 7.18171990e-04, -7.40287832e-08,  5.03561043e-03,
         4.08114929e-05],
       [ 5.53848669e-05, -1.00419639e-08,  4.08114929e-05,
         2.97763150e-05]])]",37.8835463546074,0.1026227215415608
ZTF18abqjvyl,0.08390199999999992,2458367.1076030554,0.20883301948197186,0.0005851414154748324,7.514355918308846e-06,-0.04292302602493083,0.23374983649729297,-0.07362511366752754,0.01620433412392628,"[{'r': 943.4036979667645, 'g': 1106.5801866472154}]","[array([[ 4.36142544e-02, -2.58100264e-07,  4.24707939e-02,
         6.37894251e-04],
       [-2.58100264e-07,  5.64655449e-11, -4.75221693e-07,
        -7.18114386e-08],
       [ 4.24707939e-02, -4.75221693e-07,  5.46489405e-02,
         1.74569260e-04],
       [ 6.37894251e-04, -7.18114386e-08,  1.74569260e-04,
         2.62603556e-04]])]",38.0941383818112,0.11797156427478943
ZTF18abrzeym,0.05480900000000011,2458374.2698907643,0.040641061728820205,0.0006651807154623574,3.223596074481555e-06,0.4743196090728397,0.057810676808040445,0.21160911595909074,0.004134444825293446,"[{'r': 1271.9446801097117, 'g': 1048.6336532248072}]","[array([[ 1.65170294e-03, -2.65940200e-08,  1.55801930e-03,
         3.18750304e-05],
       [-2.65940200e-08,  1.03915717e-11, -9.12913505e-08,
        -1.15288487e-08],
       [ 1.55801930e-03, -9.12913505e-08,  3.34211167e-03,
         7.49552706e-05],
       [ 3.18750304e-05, -1.15288487e-08,  7.49552706e-05,
         1.70937360e-05]])]",37.202832042628174,0.10193223217933178
ZTF18absdgon,0.06183699999999992,2458376.2486180095,0.03384883445687592,0.0007506432334382918,2.6992177548958163e-06,-0.2680187449471807,0.047553202274104894,0.15660996970057042,0.0035233548371434165,"[{'r': 1541.5809358474053, 'g': 1407.3038484506574}]","[array([[ 1.14574692e-03, -1.66681314e-08,  1.10311461e-03,
         1.40967216e-05],
       [-1.66681314e-08,  7.28577648e-12, -6.15826480e-08,
        -7.14123837e-09],
       [ 1.10311461e-03, -6.15826480e-08,  2.26132410e-03,
         3.38399836e-05],
       [ 1.40967216e-05, -7.14123837e-09,  3.38399836e-05,
         1.24140820e-05]])]",37.144407253880075,0.10122595823432849
ZTF18abssuxz,0.06502300000000005,2458377.477653962,0.10979861323721707,0.0009820979341876451,6.9433740628975504e-06,-2.0815193714918254,0.1348570227164374,0.02746022707047471,0.007524554772558553,"[{'r': 1780.702617840775, 'g': 1915.2635979043177}]","[array([[ 1.20561755e-02,  2.54391082e-07,  1.32077535e-02,
         2.08483455e-04],
       [ 2.54391082e-07,  4.82104434e-11,  1.27422094e-07,
        -2.91073891e-08],
       [ 1.32077535e-02,  1.27422094e-07,  1.81875691e-02,
         2.58975662e-04],
       [ 2.08483455e-04, -2.91073891e-08,  2.58975662e-04,
         5.66199939e-05]])]",37.054513557360494,0.10500216400086719
ZTF18abtnlik,0.08356000000000008,2458379.60431881,0.04786559892818332,0.0005152721419134226,2.759460603338204e-06,-1.4797723916850132,0.06217245885236644,0.07211413235743896,0.005583911924678393,"[{'r': 941.606137843308, 'g': 894.0516655249388}]","[array([[ 2.29112917e-03, -4.69270196e-09,  1.94841032e-03,
         1.71236204e-05],
       [-4.69270196e-09,  7.61462283e-12, -6.83510650e-08,
        -1.11644028e-08],
       [ 1.94841032e-03, -6.83510650e-08,  3.86546556e-03,
         6.70288042e-05],
       [ 1.71236204e-05, -1.11644028e-08,  6.70288042e-05,
         3.11803981e-05]])]",37.71054834735392,0.10268216113282588
ZTF18abtogdl,0.0997300000000001,2458381.605943714,0.07697301427833736,0.0004911360714131077,2.9142704352849713e-06,0.3570329836313367,0.09812555875385529,-0.039307973281184336,0.005949313979604978,"[{'r': 807.3919129820356, 'g': 862.5827662914639}]","[array([[ 5.92493532e-03, -7.49452379e-08,  6.31122716e-03,
         1.00600960e-04],
       [-7.49452379e-08,  8.49297218e-12, -1.72048336e-07,
        -1.17135055e-08],
       [ 6.31122716e-03, -1.72048336e-07,  9.62893473e-03,
         1.79459700e-04],
       [ 1.00600960e-04, -1.17135055e-08,  1.79459700e-04,
         3.53947551e-05]])]",38.232033663155406,0.10388233455354931
ZTF18abucvbf,0.0544929999999999,2458385.4831348965,0.03658452886156738,0.0017562244087081513,4.701084091743302e-06,-0.37435294660951013,0.04369166577237091,-0.09073926274970291,0.0028789859260863956,"[{'r': 2484.5409268096696, 'g': 2966.706404789278}]","[array([[ 1.33843317e-03, -4.56368930e-08,  1.43654549e-03,
         2.55480369e-05],
       [-4.56368930e-08,  2.21001916e-11, -8.84828879e-08,
        -9.62448550e-09],
       [ 1.43654549e-03, -8.84828879e-08,  1.90897382e-03,
         3.17544262e-05],
       [ 2.55480369e-05, -9.62448550e-09,  3.17544262e-05,
         8.28858305e-06]])]",36.897703679460676,0.10083810568518393
ZTF18abuqugw,0.0314293310200533,2458384.2987573245,0.021295916056260467,0.0052278506162056135,1.4261200541324653e-05,-2.8541847395458406,0.016749179205659104,-0.1306209158092611,0.0030998692470281114,"[{'r': 7462.169958596516, 'g': 9639.48806973151}]","[array([[ 4.53516418e-04,  1.08369265e-07,  2.90679127e-04,
         6.23649478e-06],
       [ 1.08369265e-07,  2.03381841e-10,  4.53683282e-08,
        -2.84590039e-08],
       [ 2.90679127e-04,  4.53683282e-08,  2.80535290e-04,
         2.38364224e-06],
       [ 6.23649478e-06, -2.84590039e-08,  2.38364224e-06,
         9.60922066e-06]])]",35.64349473003603,0.10060930274395065
ZTF18abwmuua,0.06437500000000007,2458387.592421151,0.12546381587162614,0.0009292981562043223,7.013118153230413e-06,-1.7880144561157332,0.13292234395362168,-0.05058523928428113,0.010862714638695987,"[{'r': 1472.1440808800007, 'g': 1709.467719956}]","[array([[ 1.57417465e-02,  7.79072327e-08,  1.49056841e-02,
         3.86000324e-04],
       [ 7.79072327e-08,  4.91838262e-11, -8.75679949e-08,
        -4.29405901e-08],
       [ 1.49056841e-02, -8.75679949e-08,  1.76694246e-02,
         4.15116227e-04],
       [ 3.86000324e-04, -4.29405901e-08,  4.15116227e-04,
         1.18003223e-04]])]",37.363145696513605,0.1083877498610486
ZTF18abwnsoc,0.09868300000000008,2458391.1495179567,0.13380056503228843,0.000430211552916962,5.008963639856201e-06,0.28422621547511817,0.16233820635789029,-0.0017135184928035705,0.011355327542264343,"[{'r': 675.6942609371042, 'g': 678.1578181900888}]","[array([[ 1.79033986e-02, -2.21628483e-07,  1.83614489e-02,
         3.76550035e-04],
       [-2.21628483e-07,  2.50897168e-11, -4.53962409e-07,
        -3.99661070e-08],
       [ 1.83614489e-02, -4.53962409e-07,  2.63560105e-02,
         5.14423745e-04],
       [ 3.76550035e-04, -3.99661070e-08,  5.14423745e-04,
         1.28949006e-04]])]",38.3019887697981,0.11229251600840227
ZTF18abxxssh,0.07791400000000004,2458397.8941595643,0.06847676122561097,0.0009241287012970098,8.678085151262588e-06,1.5127124866457493,0.10084927414043798,-0.035174715703368234,0.0070069826254109315,"[{'r': 1554.3799729932477, 'g': 1734.3719433605893}]","[array([[ 4.68910008e-03,  1.76457945e-08,  4.66863887e-03,
        -7.92463270e-05],
       [ 1.76457945e-08,  7.53091619e-11, -4.86892465e-07,
        -3.56786968e-08],
       [ 4.66863887e-03, -4.86892465e-07,  1.01709290e-02,
         1.22149692e-05],
       [-7.92463270e-05, -3.56786968e-08,  1.22149692e-05,
         4.90986101e-05]])]",37.6588990116772,0.10480708159266366
ZTF18abxygvv,0.0785229999999999,2458395.335193617,0.0598995266482234,0.0008296028728215152,4.71826596055297e-06,-0.14234951258553336,0.07543291294060618,-0.0504628461832066,0.006090877034749212,"[{'r': 1028.2210447484117, 'g': 1083.1618640644365}]","[array([[ 3.58797703e-03,  8.72857971e-10,  3.31380056e-03,
        -8.30282393e-07],
       [ 8.72857971e-10,  2.22620337e-11, -1.22793185e-07,
        -1.67234191e-08],
       [ 3.31380056e-03, -1.22793185e-07,  5.69023230e-03,
        -1.10569773e-05],
       [-8.30282393e-07, -1.67234191e-08, -1.10569773e-05,
         3.70992430e-05]])]",37.63999661494075,0.10276237809052521
